{"version":"0.4","title":"LP-PAGE-home-10-img-hero","type":"page","content":[{"id":"4c229421","settings":{"background_background":"classic","padding":{"unit":"px","top":"200","right":"50","bottom":"200","left":"50","isLinked":false},"padding_tablet":{"unit":"px","top":"150","right":"30","bottom":"150","left":"30","isLinked":false},"padding_mobile":{"unit":"px","top":"120","right":"10","bottom":"120","left":"10","isLinked":false},"background_gradient_angle":{"unit":"deg","size":90},"background_image":{"id":31978,"url":"https:\/\/www.divi01.com\/wp-content\/uploads\/placeholder-1600x900-right.jpg"},"background_position":"center center","background_size":"cover","background_overlay_background":"classic","background_overlay_color":"#0b5d93","background_overlay_opacity":{"unit":"px","size":0.8},"heading_color":"#ffffff","color_text":"rgba(255,255,255,0.85)","color_link":"#18c3dd","color_link_hover":"#0eb1d6","_title":"LP-TITLE-01"},"elements":[{"id":"3dafb18e","settings":{"_column_size":100,"_inline_size":null,"padding":{"unit":"px","top":"0","right":"0","bottom":"0","left":"0","isLinked":true},"padding_tablet":{"unit":"px","top":"0","right":"0","bottom":"0","left":"0","isLinked":true}},"elements":[{"id":"641a641c","settings":{"margin":{"unit":"px","top":"0","right":0,"bottom":"0","left":0,"isLinked":true},"content_width":{"unit":"px","size":900}},"elements":[{"id":"f1718ea","settings":{"_column_size":100,"_inline_size":null,"background_background":"classic","padding":{"unit":"px","top":"20","right":"20","bottom":"20","left":"20","isLinked":true},"padding_tablet":{"unit":"px","top":"10","right":"10","bottom":"10","left":"10","isLinked":true},"padding_mobile":{"unit":"px","top":"20","right":"10","bottom":"20","left":"10","isLinked":false}},"elements":[{"id":"1cfd69a1","settings":{"title":"OPTIONAL SUBHEADING","header_size":"p","align":"center","title_color":"#18c3dd","typography_typography":"custom","typography_letter_spacing":{"unit":"px","size":0.5},"typography_letter_spacing_mobile":{"unit":"px","size":0.3}},"elements":[],"isInner":false,"widgetType":"heading","elType":"widget"},{"id":"530d31cb","settings":{"title":"This is an h1 title for the header of your page","header_size":"h1","align":"center"},"elements":[],"isInner":false,"widgetType":"heading","elType":"widget"},{"id":"2f1a601b","settings":{"editor":"<p>Another optional subheading, only use one subheading<\/p>","align":"center","typography_typography":"custom","typography_font_size":{"unit":"em","size":1.3},"typography_line_height":{"unit":"em","size":1.5},"typography_font_size_tablet":{"unit":"em","size":1.3},"typography_font_size_mobile":{"unit":"em","size":1.2}},"elements":[],"isInner":false,"widgetType":"text-editor","elType":"widget"}],"isInner":true,"elType":"column"}],"isInner":true,"elType":"section"}],"isInner":false,"elType":"column"}],"isInner":false,"elType":"section"},{"id":"3c512f6f","settings":{"background_background":"classic","background_color":"#f4f6f7","padding":{"unit":"px","top":"100","right":"50","bottom":"100","left":"50","isLinked":false},"padding_tablet":{"unit":"px","top":"80","right":"30","bottom":"80","left":"30","isLinked":false},"padding_mobile":{"unit":"px","top":"50","right":"10","bottom":"50","left":"10","isLinked":false},"background_gradient_angle":{"unit":"deg","size":90},"heading_color":"#052a44","color_text":"#616c75","color_link":"#0772b7","color_link_hover":"#0785bf","_title":"LP-CARD-19"},"elements":[{"id":"2fa13874","settings":{"_column_size":100,"_inline_size":null,"padding":{"unit":"px","top":"0","right":"0","bottom":"0","left":"0","isLinked":true},"padding_tablet":{"unit":"px","top":"0","right":"0","bottom":"0","left":"0","isLinked":true}},"elements":[{"id":"66cab2c4","settings":{"content_width":{"unit":"px","size":900},"margin":{"unit":"px","top":"0","right":0,"bottom":"0","left":0,"isLinked":true}},"elements":[{"id":"6a7c1a0","settings":{"_column_size":100,"_inline_size":null,"padding":{"unit":"px","top":"20","right":"20","bottom":"20","left":"20","isLinked":true},"padding_tablet":{"unit":"px","top":"10","right":"10","bottom":"10","left":"10","isLinked":true},"padding_mobile":{"unit":"px","top":"20","right":"10","bottom":"20","left":"10","isLinked":false}},"elements":[{"id":"1e6b7c14","settings":{"title":"OPTIONAL SUBHEADING","align":"center","title_color":"#0785bf","header_size":"p","typography_typography":"custom","typography_letter_spacing":{"unit":"px","size":0.5},"typography_letter_spacing_mobile":{"unit":"px","size":0.3}},"elements":[],"isInner":false,"widgetType":"heading","elType":"widget"},{"id":"13b9607a","settings":{"title":"Use h2 or h3 heading","align":"center"},"elements":[],"isInner":false,"widgetType":"heading","elType":"widget"},{"id":"6b2e192e","settings":{"editor":"<p>I am text block. Click edit button to change this text.<\/p>","align":"center"},"elements":[],"isInner":false,"widgetType":"text-editor","elType":"widget"},{"id":"38fd0841","settings":{"space":{"unit":"px","size":30},"space_tablet":{"unit":"px","size":20},"space_mobile":{"unit":"px","size":10}},"elements":[],"isInner":false,"widgetType":"spacer","elType":"widget"}],"isInner":true,"elType":"column"}],"isInner":true,"elType":"section"},{"id":"47b314a6","settings":{"margin":{"unit":"px","top":"0","right":0,"bottom":"0","left":0,"isLinked":true},"structure":"30"},"elements":[{"id":"356f4987","settings":{"_column_size":33,"_inline_size":null,"background_background":"classic","background_gradient_angle":{"unit":"deg","size":"110"},"border_radius":{"unit":"px","top":"5","right":"5","bottom":"5","left":"5","isLinked":true},"margin":{"unit":"px","top":"10","right":"10","bottom":"10","left":"10","isLinked":true},"margin_tablet":{"unit":"px","top":"0","right":"0","bottom":"0","left":"0","isLinked":true},"margin_mobile":{"unit":"px","top":"10","right":"0","bottom":"10","left":"0","isLinked":false}},"elements":[{"id":"1c884525","settings":{"bg_image":{"url":"https:\/\/www.divi01.com\/wp-content\/uploads\/placeholder-700x450.jpg","id":31963},"graphic_element":"","icon":"","title":"Use h4 or h5 heading","description":"The recommended photo width here is 500 pixels.\u00a0I am text block. Click edit button to change this text.","title_tag":"h4","button":"Clickable Button","alignment":"left","padding":{"unit":"px","top":"40","right":"40","bottom":"40","left":"40","isLinked":true},"padding_tablet":{"unit":"px","top":"30","right":"30","bottom":"30","left":"30","isLinked":true},"padding_mobile":{"unit":"px","top":"25","right":"25","bottom":"25","left":"25","isLinked":true},"image_min_height":{"unit":"px","size":275},"image_min_height_tablet":{"unit":"px","size":200},"image_min_height_mobile":{"unit":"px","size":200},"icon_primary_color":"#0785bf","description_spacing":{"unit":"px","size":25},"content_bg_color":"#ffffff","title_color":"#052a44","description_color":"#616c75","button_size":"md","button_text_color":"#ffffff","button_background_color":"#0772b7","button_border_color":"#0772b7","button_hover_text_color":"#ffffff","button_hover_background_color":"#0785bf","button_hover_border_color":"#0785bf","button_border_radius":{"unit":"px","size":35},"effect_duration":{"unit":"px","size":500},"_border_radius":{"unit":"px","top":"5","right":"5","bottom":"5","left":"5","isLinked":true},"link_click":"box","ribbon_horizontal_position":"right","ribbon_bg_color":"#0772b7","ribbon_text_color":"#ffffff","bg_image_size":"medium_large"},"elements":[],"isInner":false,"widgetType":"call-to-action","elType":"widget"}],"isInner":true,"elType":"column"},{"id":"4d5c64","settings":{"_column_size":33,"_inline_size":null,"background_background":"classic","background_gradient_angle":{"unit":"deg","size":"110"},"border_radius":{"unit":"px","top":"5","right":"5","bottom":"5","left":"5","isLinked":true},"margin":{"unit":"px","top":"10","right":"10","bottom":"10","left":"10","isLinked":true},"margin_tablet":{"unit":"px","top":"0","right":"0","bottom":"0","left":"0","isLinked":true},"margin_mobile":{"unit":"px","top":"10","right":"0","bottom":"10","left":"0","isLinked":false}},"elements":[{"id":"19baab68","settings":{"bg_image":{"url":"https:\/\/www.divi01.com\/wp-content\/uploads\/placeholder-700x450.jpg","id":31963},"graphic_element":"","icon":"","title":"Use h4 or h5 heading","description":"The recommended photo width here is 500 pixels.\u00a0I am text block. Click edit button to change this text.","title_tag":"h4","button":"Clickable Button","alignment":"left","padding":{"unit":"px","top":"40","right":"40","bottom":"40","left":"40","isLinked":true},"padding_tablet":{"unit":"px","top":"30","right":"30","bottom":"30","left":"30","isLinked":true},"padding_mobile":{"unit":"px","top":"25","right":"25","bottom":"25","left":"25","isLinked":true},"image_min_height":{"unit":"px","size":275},"image_min_height_tablet":{"unit":"px","size":200},"image_min_height_mobile":{"unit":"px","size":200},"icon_primary_color":"#0785bf","description_spacing":{"unit":"px","size":25},"content_bg_color":"#ffffff","title_color":"#052a44","description_color":"#616c75","button_size":"md","button_text_color":"#ffffff","button_background_color":"#0772b7","button_border_color":"#0772b7","button_hover_text_color":"#ffffff","button_hover_background_color":"#0785bf","button_hover_border_color":"#0785bf","button_border_radius":{"unit":"px","size":35},"effect_duration":{"unit":"px","size":500},"_border_radius":{"unit":"px","top":"5","right":"5","bottom":"5","left":"5","isLinked":true},"link_click":"box","ribbon_horizontal_position":"right","ribbon_bg_color":"#0772b7","ribbon_text_color":"#ffffff","bg_image_size":"medium_large"},"elements":[],"isInner":false,"widgetType":"call-to-action","elType":"widget"}],"isInner":true,"elType":"column"},{"id":"3296b06f","settings":{"_column_size":33,"_inline_size":null,"background_background":"classic","background_gradient_angle":{"unit":"deg","size":"110"},"border_radius":{"unit":"px","top":"5","right":"5","bottom":"5","left":"5","isLinked":true},"margin":{"unit":"px","top":"10","right":"10","bottom":"10","left":"10","isLinked":true},"margin_tablet":{"unit":"px","top":"0","right":"0","bottom":"0","left":"0","isLinked":true},"margin_mobile":{"unit":"px","top":"10","right":"0","bottom":"10","left":"0","isLinked":false}},"elements":[{"id":"18fe0b5e","settings":{"bg_image":{"url":"https:\/\/www.divi01.com\/wp-content\/uploads\/placeholder-700x450.jpg","id":31963},"graphic_element":"","icon":"","title":"Use h4 or h5 heading","description":"The recommended photo width here is 500 pixels.\u00a0I am text block. Click edit button to change this text.","title_tag":"h4","button":"Clickable Button","alignment":"left","padding":{"unit":"px","top":"40","right":"40","bottom":"40","left":"40","isLinked":true},"padding_tablet":{"unit":"px","top":"30","right":"30","bottom":"30","left":"30","isLinked":true},"padding_mobile":{"unit":"px","top":"25","right":"25","bottom":"25","left":"25","isLinked":true},"image_min_height":{"unit":"px","size":275},"image_min_height_tablet":{"unit":"px","size":200},"image_min_height_mobile":{"unit":"px","size":200},"icon_primary_color":"#0785bf","description_spacing":{"unit":"px","size":25},"content_bg_color":"#ffffff","title_color":"#052a44","description_color":"#616c75","button_size":"md","button_text_color":"#ffffff","button_background_color":"#0772b7","button_border_color":"#0772b7","button_hover_text_color":"#ffffff","button_hover_background_color":"#0785bf","button_hover_border_color":"#0785bf","button_border_radius":{"unit":"px","size":35},"effect_duration":{"unit":"px","size":500},"_border_radius":{"unit":"px","top":"5","right":"5","bottom":"5","left":"5","isLinked":true},"link_click":"box","ribbon_horizontal_position":"right","ribbon_bg_color":"#0772b7","ribbon_text_color":"#ffffff","bg_image_size":"medium_large"},"elements":[],"isInner":false,"widgetType":"call-to-action","elType":"widget"}],"isInner":true,"elType":"column"}],"isInner":true,"elType":"section"}],"isInner":false,"elType":"column"}],"isInner":false,"elType":"section"},{"id":"3802dbcc","settings":{"background_background":"classic","background_color":"#ffffff","padding":{"unit":"px","top":"100","right":"50","bottom":"100","left":"50","isLinked":false},"padding_tablet":{"unit":"px","top":"80","right":"30","bottom":"80","left":"30","isLinked":false},"padding_mobile":{"unit":"px","top":"50","right":"10","bottom":"50","left":"10","isLinked":false},"background_gradient_angle":{"unit":"deg","size":90},"heading_color":"#052a44","color_text":"#616c75","color_link":"#0772b7","color_link_hover":"#0785bf","_title":"LP-TEAM-04"},"elements":[{"id":"69a1d4e","settings":{"_column_size":100,"_inline_size":null,"padding":{"unit":"px","top":"0","right":"0","bottom":"0","left":"0","isLinked":true},"padding_tablet":{"unit":"px","top":"0","right":"0","bottom":"0","left":"0","isLinked":true}},"elements":[{"id":"498db1cc","settings":{"margin":{"unit":"px","top":"0","right":0,"bottom":"0","left":0,"isLinked":true},"content_width":{"unit":"px","size":740}},"elements":[{"id":"1b05722a","settings":{"_column_size":100,"_inline_size":null,"background_background":"classic","padding":{"unit":"px","top":"20","right":"20","bottom":"20","left":"20","isLinked":true},"padding_tablet":{"unit":"px","top":"10","right":"10","bottom":"10","left":"10","isLinked":false},"padding_mobile":{"unit":"px","top":"20","right":"10","bottom":"20","left":"10","isLinked":false},"content_position":"top"},"elements":[{"id":"2bca4af9","settings":{"image_border_radius":{"unit":"px","top":"5","right":"5","bottom":"5","left":"5","isLinked":true},"image_box_shadow_box_shadow":{"horizontal":0,"vertical":0,"blur":10,"spread":0,"inset":"","color":"rgba(0,0,0,0.25)"},"image_size":"medium_large","image":{"url":"https:\/\/www.divi01.com\/wp-content\/uploads\/placeholder-700x450.jpg","id":31963},"align_mobile":"center","image_box_shadow_box_shadow_type":"yes"},"elements":[],"isInner":false,"widgetType":"image","elType":"widget"},{"id":"3ac4ab30","settings":{"space":{"unit":"px","size":15},"space_tablet":{"unit":"px","size":10},"space_mobile":{"unit":"px","size":5}},"elements":[],"isInner":false,"widgetType":"spacer","elType":"widget"},{"id":"6f919f5f","settings":{"title":"About Emma","align":"center","header_size":"h3"},"elements":[],"isInner":false,"widgetType":"heading","elType":"widget"},{"id":"4f63229","settings":{"title":"Co-Founder","align":"center","header_size":"p","typography_typography":"custom","typography_font_style":"italic"},"elements":[],"isInner":false,"widgetType":"heading","elType":"widget"},{"id":"1e0019bf","settings":{"editor":"<p>The recommended photo width here is 700 pixels.\u00a0I am text block. Click edit button to change this text.<\/p>","align":"center"},"elements":[],"isInner":false,"widgetType":"text-editor","elType":"widget"},{"id":"17baeb6a","settings":{"social_icon_list":[{"social":"fa fa-facebook","_id":"4zcj08t","link":{"url":"","is_external":"true","nofollow":""}},{"social":"fa fa-linkedin","_id":"oa1fy9u","link":{"url":"","is_external":"true","nofollow":""}},{"social":"fa fa-instagram","link":{"is_external":"true"},"_id":"r90yja2"}],"shape":"circle","icon_color":"custom","icon_primary_color":"#0772b7","icon_size":{"unit":"px","size":15},"icon_secondary_color":"#ffffff","hover_primary_color":"#0785bf","hover_secondary_color":"#ffffff"},"elements":[],"isInner":false,"widgetType":"social-icons","elType":"widget"}],"isInner":true,"elType":"column"}],"isInner":true,"elType":"section"}],"isInner":false,"elType":"column"}],"isInner":false,"elType":"section"},{"id":"7e6aa205","settings":{"background_background":"classic","background_color":"#f4f6f7","padding":{"unit":"px","top":"100","right":"50","bottom":"100","left":"50","isLinked":false},"padding_tablet":{"unit":"px","top":"80","right":"30","bottom":"80","left":"30","isLinked":false},"padding_mobile":{"unit":"px","top":"50","right":"10","bottom":"50","left":"10","isLinked":false},"background_gradient_angle":{"unit":"deg","size":90},"heading_color":"#052a44","color_text":"#616c75","color_link":"#0772b7","color_link_hover":"#0785bf","_title":"LP-TESTIMONIAL-07"},"elements":[{"id":"71d8f71","settings":{"_column_size":100,"_inline_size":null,"padding":{"unit":"px","top":"0","right":"0","bottom":"0","left":"0","isLinked":true},"padding_tablet":{"unit":"px","top":"0","right":"0","bottom":"0","left":"0","isLinked":true}},"elements":[{"id":"1f20c3c7","settings":{"structure":"22","margin":{"unit":"px","top":"0","right":0,"bottom":"0","left":0,"isLinked":true}},"elements":[{"id":"b547b3","settings":{"_column_size":66,"_inline_size":59.64,"background_background":"classic","padding":{"unit":"px","top":"20","right":"40","bottom":"20","left":"20","isLinked":false},"padding_tablet":{"unit":"px","top":"10","right":"20","bottom":"10","left":"10","isLinked":false},"padding_mobile":{"unit":"px","top":"20","right":"10","bottom":"20","left":"10","isLinked":false},"content_position":"center","_inline_size_tablet":60},"elements":[{"id":"1c9ae397","settings":{"icon":"fa fa-quote-left","align":"","primary_color":"#0785bf"},"elements":[],"isInner":false,"widgetType":"icon","elType":"widget"},{"id":"35b47d69","settings":{"title":"The recommended photo width here is 700 pixels.\u00a0I am text block. Click edit button to change this text. Lorem ipsum dolor sit amet, consectetur adipiscing elit. Ut elit tellus, luctus nec ullamcorper mattis.","header_size":"p","typography_typography":"custom","typography_font_size":{"unit":"em","size":1.3},"typography_font_size_tablet":{"unit":"em","size":1.3},"typography_font_size_mobile":{"unit":"em","size":1.2},"typography_font_style":"italic","typography_line_height":{"unit":"em","size":1.5}},"elements":[],"isInner":false,"widgetType":"heading","elType":"widget"},{"id":"4719f4b6","settings":{"editor":"<p>- Emma, Company Name<\/p>","align":"left"},"elements":[],"isInner":false,"widgetType":"text-editor","elType":"widget"}],"isInner":true,"elType":"column"},{"id":"133c88d7","settings":{"_column_size":33,"_inline_size":40,"background_background":"classic","padding":{"unit":"px","top":"20","right":"20","bottom":"20","left":"20","isLinked":true},"padding_tablet":{"unit":"px","top":"10","right":"10","bottom":"10","left":"10","isLinked":false},"padding_mobile":{"unit":"px","top":"20","right":"10","bottom":"20","left":"10","isLinked":false},"_inline_size_tablet":40,"content_position":"top"},"elements":[{"id":"73642ef7","settings":{"image_border_radius":{"unit":"px","top":"5","right":"5","bottom":"5","left":"5","isLinked":true},"image":{"url":"https:\/\/www.divi01.com\/wp-content\/uploads\/placeholder-700x450.jpg","id":31963},"image_box_shadow_box_shadow_type":"yes","image_box_shadow_box_shadow":{"horizontal":0,"vertical":0,"blur":10,"spread":0,"color":"rgba(0,0,0,0.25)"}},"elements":[],"isInner":false,"widgetType":"image","elType":"widget"}],"isInner":true,"elType":"column"}],"isInner":true,"elType":"section"}],"isInner":false,"elType":"column"}],"isInner":false,"elType":"section"}]}