{"version":"0.4","title":"LP-PAGE-services-04-dark-hero","type":"page","content":[{"id":"5aa2cf9e","settings":{"background_background":"gradient","padding":{"unit":"px","top":"100","right":"50","bottom":"100","left":"50","isLinked":false},"padding_tablet":{"unit":"px","top":"80","right":"30","bottom":"80","left":"30","isLinked":false},"padding_mobile":{"unit":"px","top":"50","right":"10","bottom":"50","left":"10","isLinked":false},"background_gradient_angle":{"unit":"deg","size":90},"background_color":"#0785bf","background_color_b":"#0360b2","heading_color":"#ffffff","color_text":"rgba(255,255,255,0.85)","color_link":"#18c3dd","color_link_hover":"#0eb1d6","_title":"LP-TITLE-01"},"elements":[{"id":"7f20df20","settings":{"_column_size":100,"_inline_size":null,"padding":{"unit":"px","top":"0","right":"0","bottom":"0","left":"0","isLinked":true},"padding_tablet":{"unit":"px","top":"0","right":"0","bottom":"0","left":"0","isLinked":true}},"elements":[{"id":"6950adec","settings":{"margin":{"unit":"px","top":"0","right":0,"bottom":"0","left":0,"isLinked":true},"content_width":{"unit":"px","size":900}},"elements":[{"id":"77c5a406","settings":{"_column_size":100,"_inline_size":null,"background_background":"classic","padding":{"unit":"px","top":"20","right":"20","bottom":"20","left":"20","isLinked":true},"padding_tablet":{"unit":"px","top":"10","right":"10","bottom":"10","left":"10","isLinked":true},"padding_mobile":{"unit":"px","top":"20","right":"10","bottom":"20","left":"10","isLinked":false}},"elements":[{"id":"7eda2f53","settings":{"title":"OPTIONAL SUBHEADING","header_size":"p","align":"center","title_color":"#18c3dd","typography_typography":"custom","typography_letter_spacing":{"unit":"px","size":0.5},"typography_letter_spacing_mobile":{"unit":"px","size":0.3}},"elements":[],"isInner":false,"widgetType":"heading","elType":"widget"},{"id":"e6f68c0","settings":{"title":"This is an h1 title for the header of your page","header_size":"h1","align":"center"},"elements":[],"isInner":false,"widgetType":"heading","elType":"widget"},{"id":"6e454176","settings":{"editor":"<p>Another optional subheading, only use one subheading<\/p>","align":"center","typography_typography":"custom","typography_font_size":{"unit":"em","size":1.3},"typography_line_height":{"unit":"em","size":1.5},"typography_font_size_tablet":{"unit":"em","size":1.3},"typography_font_size_mobile":{"unit":"em","size":1.2}},"elements":[],"isInner":false,"widgetType":"text-editor","elType":"widget"}],"isInner":true,"elType":"column"}],"isInner":true,"elType":"section"}],"isInner":false,"elType":"column"}],"isInner":false,"elType":"section"},{"id":"3695b253","settings":{"background_background":"classic","background_color":"#f4f6f7","padding":{"unit":"px","top":"100","right":"50","bottom":"100","left":"50","isLinked":false},"padding_tablet":{"unit":"px","top":"80","right":"30","bottom":"80","left":"30","isLinked":false},"padding_mobile":{"unit":"px","top":"50","right":"10","bottom":"50","left":"10","isLinked":false},"background_gradient_angle":{"unit":"deg","size":90},"heading_color":"#052a44","color_text":"#616c75","color_link":"#0772b7","color_link_hover":"#0785bf","_title":"LP-CARD-16"},"elements":[{"id":"14978aa9","settings":{"_column_size":100,"_inline_size":null,"padding":{"unit":"px","top":"0","right":"0","bottom":"0","left":"0","isLinked":true},"padding_tablet":{"unit":"px","top":"0","right":"0","bottom":"0","left":"0","isLinked":true}},"elements":[{"id":"3235f948","settings":{"margin":{"unit":"px","top":"0","right":0,"bottom":"0","left":0,"isLinked":true},"content_width":{"unit":"px","size":900}},"elements":[{"id":"489ebe32","settings":{"_column_size":100,"padding":{"unit":"px","top":"20","right":"20","bottom":"20","left":"20","isLinked":true},"padding_tablet":{"unit":"px","top":"10","right":"10","bottom":"10","left":"10","isLinked":true},"padding_mobile":{"unit":"px","top":"20","right":"10","bottom":"20","left":"10","isLinked":false}},"elements":[{"id":"59199f22","settings":{"title":"OPTIONAL SUBHEADING","align":"center","title_color":"#0785bf","header_size":"p","typography_typography":"custom","typography_letter_spacing":{"unit":"px","size":0.5},"typography_letter_spacing_mobile":{"unit":"px","size":0.3}},"elements":[],"isInner":false,"widgetType":"heading","elType":"widget"},{"id":"52c55ff5","settings":{"title":"Use h2 or h3 heading","align":"center","align_mobile":"left"},"elements":[],"isInner":false,"widgetType":"heading","elType":"widget"},{"id":"4645b406","settings":{"editor":"<p>I am text block. Click edit button to change this text. Lorem ipsum dolor sit amet.<\/p>","align":"center","align_mobile":"left"},"elements":[],"isInner":false,"widgetType":"text-editor","elType":"widget"},{"id":"4b07c60a","settings":{"space":{"unit":"px","size":30},"space_tablet":{"unit":"px","size":20},"space_mobile":{"unit":"px","size":10}},"elements":[],"isInner":false,"widgetType":"spacer","elType":"widget"}],"isInner":true,"elType":"column"}],"isInner":true,"elType":"section"},{"id":"2553ae20","settings":{"margin":{"unit":"px","top":"0","right":0,"bottom":"0","left":0,"isLinked":true},"content_width":{"unit":"px","size":1000}},"elements":[{"id":"785efb32","settings":{"_column_size":100,"_inline_size":null,"background_background":"classic","background_gradient_angle":{"unit":"deg","size":"110"},"border_radius":{"unit":"px","top":"5","right":"5","bottom":"5","left":"5","isLinked":true},"margin":{"unit":"px","top":"10","right":"10","bottom":"10","left":"10","isLinked":true},"margin_tablet":{"unit":"px","top":"0","right":"0","bottom":"0","left":"0","isLinked":true},"margin_mobile":{"unit":"px","top":"10","right":"0","bottom":"10","left":"0","isLinked":false}},"elements":[{"id":"762507f2","settings":{"bg_image":{"url":"https:\/\/www.divi01.com\/wp-content\/uploads\/placeholder-500x500.jpg","id":31975},"title":"Use h4 or h5 heading","description":"The recommended photo width here is 400 pixels.\u00a0I am text block. Click edit button to change this text.","title_tag":"h4","button":"Clickable Button","icon":"","padding":{"unit":"px","top":"40","right":"40","bottom":"40","left":"40","isLinked":true},"padding_tablet":{"unit":"px","top":"30","right":"30","bottom":"30","left":"30","isLinked":true},"padding_mobile":{"unit":"px","top":"25","right":"25","bottom":"25","left":"25","isLinked":true},"icon_primary_color":"#18c3dd","description_spacing":{"unit":"px","size":25},"content_bg_color":"#ffffff","title_color":"#052a44","description_color":"#616c75","button_size":"md","button_text_color":"#ffffff","button_background_color":"#0772b7","button_border_color":"#0772b7","button_hover_text_color":"#ffffff","button_hover_background_color":"#0785bf","button_hover_border_color":"#0785bf","button_border_radius":{"unit":"px","size":35},"effect_duration":{"unit":"px","size":500},"_border_radius":{"unit":"px","top":"5","right":"5","bottom":"5","left":"5","isLinked":true},"layout":"right","layout_mobile":"above","alignment":"left","image_min_width":{"unit":"%","size":40},"image_min_height":{"unit":"vh","size":""},"min-height":{"unit":"px","size":350},"min-height_mobile":{"unit":"px","size":0},"link_click":"box","ribbon_horizontal_position":"right","ribbon_bg_color":"#0772b7","ribbon_text_color":"#ffffff","bg_image_size":"medium_large"},"elements":[],"isInner":false,"widgetType":"call-to-action","elType":"widget"}],"isInner":true,"elType":"column"}],"isInner":true,"elType":"section"},{"id":"119efd1f","settings":{"margin":{"unit":"px","top":"0","right":0,"bottom":"0","left":0,"isLinked":true},"content_width":{"unit":"px","size":1000}},"elements":[{"id":"743a8a49","settings":{"_column_size":100,"_inline_size":null,"background_background":"classic","background_gradient_angle":{"unit":"deg","size":"110"},"border_radius":{"unit":"px","top":"5","right":"5","bottom":"5","left":"5","isLinked":true},"margin":{"unit":"px","top":"10","right":"10","bottom":"10","left":"10","isLinked":true},"margin_tablet":{"unit":"px","top":"0","right":"0","bottom":"0","left":"0","isLinked":true},"margin_mobile":{"unit":"px","top":"10","right":"0","bottom":"10","left":"0","isLinked":false}},"elements":[{"id":"704a200a","settings":{"bg_image":{"url":"https:\/\/www.divi01.com\/wp-content\/uploads\/placeholder-500x500.jpg","id":31975},"title":"Use h4 or h5 heading","description":"The recommended photo width here is 400 pixels.\u00a0I am text block. Click edit button to change this text.","title_tag":"h4","button":"Clickable Button","icon":"","padding":{"unit":"px","top":"40","right":"40","bottom":"40","left":"40","isLinked":true},"padding_tablet":{"unit":"px","top":"30","right":"30","bottom":"30","left":"30","isLinked":true},"padding_mobile":{"unit":"px","top":"25","right":"25","bottom":"25","left":"25","isLinked":true},"icon_primary_color":"#18c3dd","description_spacing":{"unit":"px","size":25},"content_bg_color":"#ffffff","title_color":"#052a44","description_color":"#616c75","button_size":"md","button_text_color":"#ffffff","button_background_color":"#0772b7","button_border_color":"#0772b7","button_hover_text_color":"#ffffff","button_hover_background_color":"#0785bf","button_hover_border_color":"#0785bf","button_border_radius":{"unit":"px","size":35},"effect_duration":{"unit":"px","size":500},"_border_radius":{"unit":"px","top":"5","right":"5","bottom":"5","left":"5","isLinked":true},"layout":"left","layout_mobile":"above","alignment":"left","image_min_width":{"unit":"%","size":40},"image_min_height":{"unit":"vh","size":""},"min-height":{"unit":"px","size":350},"min-height_mobile":{"unit":"px","size":0},"link_click":"box","ribbon_horizontal_position":"left","ribbon_bg_color":"#0772b7","ribbon_text_color":"#ffffff","bg_image_size":"medium_large"},"elements":[],"isInner":false,"widgetType":"call-to-action","elType":"widget"}],"isInner":true,"elType":"column"}],"isInner":true,"elType":"section"},{"id":"dc654b4","settings":{"margin":{"unit":"px","top":"0","right":0,"bottom":"0","left":0,"isLinked":true},"content_width":{"unit":"px","size":1000}},"elements":[{"id":"724936a1","settings":{"_column_size":100,"_inline_size":null,"background_background":"classic","background_gradient_angle":{"unit":"deg","size":"110"},"border_radius":{"unit":"px","top":"5","right":"5","bottom":"5","left":"5","isLinked":true},"margin":{"unit":"px","top":"10","right":"10","bottom":"10","left":"10","isLinked":true},"margin_tablet":{"unit":"px","top":"0","right":"0","bottom":"0","left":"0","isLinked":true},"margin_mobile":{"unit":"px","top":"10","right":"0","bottom":"10","left":"0","isLinked":false}},"elements":[{"id":"57d173ef","settings":{"bg_image":{"url":"https:\/\/www.divi01.com\/wp-content\/uploads\/placeholder-500x500.jpg","id":31975},"title":"Use h4 or h5 heading","description":"The recommended photo width here is 400 pixels.\u00a0I am text block. Click edit button to change this text.","title_tag":"h4","button":"Clickable Button","icon":"","padding":{"unit":"px","top":"40","right":"40","bottom":"40","left":"40","isLinked":true},"padding_tablet":{"unit":"px","top":"30","right":"30","bottom":"30","left":"30","isLinked":true},"padding_mobile":{"unit":"px","top":"25","right":"25","bottom":"25","left":"25","isLinked":true},"icon_primary_color":"#18c3dd","description_spacing":{"unit":"px","size":25},"content_bg_color":"#ffffff","title_color":"#052a44","description_color":"#616c75","button_size":"md","button_text_color":"#ffffff","button_background_color":"#0772b7","button_border_color":"#0772b7","button_hover_text_color":"#ffffff","button_hover_background_color":"#0785bf","button_hover_border_color":"#0785bf","button_border_radius":{"unit":"px","size":35},"effect_duration":{"unit":"px","size":500},"_border_radius":{"unit":"px","top":"5","right":"5","bottom":"5","left":"5","isLinked":true},"layout":"right","layout_mobile":"above","alignment":"left","image_min_width":{"unit":"%","size":40},"image_min_height":{"unit":"vh","size":""},"min-height":{"unit":"px","size":350},"min-height_mobile":{"unit":"px","size":0},"link_click":"box","ribbon_horizontal_position":"right","ribbon_bg_color":"#0772b7","ribbon_text_color":"#ffffff","bg_image_size":"medium_large"},"elements":[],"isInner":false,"widgetType":"call-to-action","elType":"widget"}],"isInner":true,"elType":"column"}],"isInner":true,"elType":"section"}],"isInner":false,"elType":"column"}],"isInner":false,"elType":"section"},{"id":"431200fa","settings":{"background_background":"classic","padding":{"unit":"px","top":"100","right":"50","bottom":"100","left":"50","isLinked":false},"padding_tablet":{"unit":"px","top":"80","right":"30","bottom":"80","left":"30","isLinked":false},"padding_mobile":{"unit":"px","top":"50","right":"10","bottom":"50","left":"10","isLinked":false},"background_gradient_angle":{"unit":"deg","size":90},"background_color":"#ffffff","heading_color":"#052a44","color_text":"#616c75","color_link":"#0772b7","color_link_hover":"#0785bf","_title":"LP-CTA-BUTTON-28"},"elements":[{"id":"208d0a28","settings":{"_column_size":100,"_inline_size":null,"padding":{"unit":"px","top":"0","right":"0","bottom":"0","left":"0","isLinked":true},"padding_tablet":{"unit":"px","top":"0","right":"0","bottom":"0","left":"0","isLinked":true}},"elements":[{"id":"322f7704","settings":{"margin":{"unit":"px","top":"0","right":0,"bottom":"0","left":0,"isLinked":true},"content_width":{"unit":"px","size":740}},"elements":[{"id":"34a2983a","settings":{"_column_size":100,"_inline_size":null,"background_background":"classic","padding":{"unit":"px","top":"20","right":"20","bottom":"20","left":"20","isLinked":true},"padding_tablet":{"unit":"px","top":"10","right":"10","bottom":"10","left":"10","isLinked":true},"padding_mobile":{"unit":"px","top":"20","right":"10","bottom":"20","left":"10","isLinked":false}},"elements":[{"id":"255b8bd9","settings":{"title":"Use h2 or h3 heading","header_size":"h3","align":"center"},"elements":[],"isInner":false,"widgetType":"heading","elType":"widget"},{"id":"7554eb4b","settings":{"editor":"<p>The recommended photo width here is 700 pixels.\u00a0I am text block. Click edit button to change this text.<\/p>","align":"center"},"elements":[],"isInner":false,"widgetType":"text-editor","elType":"widget"},{"id":"5872a7e7","settings":{"text":"Clickable Button","align":"center","size":"lg","align_mobile":"justify","button_text_color":"#ffffff","background_color":"#0772b7","hover_color":"#ffffff","button_background_hover_color":"#0785bf","border_radius":{"unit":"px","top":"35","right":"35","bottom":"35","left":"35","isLinked":true}},"elements":[],"isInner":false,"widgetType":"button","elType":"widget"},{"id":"3b612feb","settings":{"space":{"unit":"px","size":"15"},"space_tablet":{"unit":"px","size":"10"},"space_mobile":{"unit":"px","size":"5"}},"elements":[],"isInner":false,"widgetType":"spacer","elType":"widget"},{"id":"21b2dad5","settings":{"image":{"url":"https:\/\/www.divi01.com\/wp-content\/uploads\/placeholder-700x450.jpg","id":31963},"image_size":"medium_large","image_border_radius":{"unit":"px","top":"5","right":"5","bottom":"5","left":"5","isLinked":true},"image_box_shadow_box_shadow_type":"yes","image_box_shadow_box_shadow":{"horizontal":0,"vertical":0,"blur":10,"spread":0,"color":"rgba(0,0,0,0.25)"}},"elements":[],"isInner":false,"widgetType":"image","elType":"widget"}],"isInner":true,"elType":"column"}],"isInner":true,"elType":"section"}],"isInner":false,"elType":"column"}],"isInner":false,"elType":"section"}]}