{"version":"0.4","title":"LP-PAGE-mailchimp-07-dark-hero","type":"page","content":[{"id":"1353a57f","settings":{"background_background":"gradient","padding":{"unit":"px","top":"100","right":"50","bottom":"100","left":"50","isLinked":false},"padding_tablet":{"unit":"px","top":"80","right":"30","bottom":"80","left":"30","isLinked":false},"padding_mobile":{"unit":"px","top":"50","right":"10","bottom":"50","left":"10","isLinked":false},"background_gradient_angle":{"unit":"deg","size":90},"background_color":"#0785bf","background_color_b":"#0360b2","heading_color":"#ffffff","color_text":"rgba(255,255,255,0.85)","color_link":"#18c3dd","color_link_hover":"#0eb1d6","_title":"LP-CTA-MAILCHIMP-13"},"elements":[{"id":"6e7e4231","settings":{"_column_size":100,"_inline_size":null,"padding":{"unit":"px","top":"0","right":"0","bottom":"0","left":"0","isLinked":true},"padding_tablet":{"unit":"px","top":"0","right":"0","bottom":"0","left":"0","isLinked":true}},"elements":[{"id":"4b19fa13","settings":{"margin":{"unit":"px","top":"0","right":0,"bottom":"0","left":0,"isLinked":true},"content_width":{"unit":"px","size":740}},"elements":[{"id":"34bccb77","settings":{"_column_size":100,"_inline_size":null,"background_background":"classic","padding":{"unit":"px","top":"20","right":"20","bottom":"20","left":"20","isLinked":true},"padding_tablet":{"unit":"px","top":"10","right":"10","bottom":"10","left":"10","isLinked":true},"padding_mobile":{"unit":"px","top":"20","right":"10","bottom":"20","left":"10","isLinked":false}},"elements":[{"id":"4c48c083","settings":{"image":{"url":"https:\/\/www.divi01.com\/wp-content\/uploads\/placeholder-700x450.jpg","id":31963},"image_size":"medium_large","image_border_radius":{"unit":"px","top":"5","right":"5","bottom":"5","left":"5","isLinked":true}},"elements":[],"isInner":false,"widgetType":"image","elType":"widget"},{"id":"38721d8f","settings":{"space":{"unit":"px","size":"15"},"space_tablet":{"unit":"px","size":"10"},"space_mobile":{"unit":"px","size":"5"}},"elements":[],"isInner":false,"widgetType":"spacer","elType":"widget"},{"id":"f2a8fda","settings":{"title":"This is an h1 title for the header","header_size":"h1","align":"center"},"elements":[],"isInner":false,"widgetType":"heading","elType":"widget"},{"id":"1988166a","settings":{"editor":"<p>The recommended photo width here is 700 pixels.\u00a0I am text block. Click edit button to change this text.<\/p>","align":"center"},"elements":[],"isInner":false,"widgetType":"text-editor","elType":"widget"},{"id":"7ca4b4d5","settings":{"form_name":"New Form","form_fields":[{"_id":"email","field_type":"email","required":"true","field_label":"Email","placeholder":"Enter your email","width":"","field_value":"","field_options":"","inline_list":"","width_tablet":"","width_mobile":"","rows":4,"recaptcha_size":"normal","recaptcha_style":"light","css_classes":"","file_sizes":"","file_types":"","allow_multiple_upload":"","max_files":"","acceptance_text":"","checked_by_default":"","field_min":"","field_max":"","min_date":"","max_date":"","use_native_date":"","use_native_time":"","allow_multiple":"","select_size":"","field_html":""}],"input_size":"lg","show_labels":"","button_text":"Download Now (PDF)","button_size":"lg","button_width":"","submit_actions":["mailchimp"],"email_content":"[all-fields]","email_content_2":"[all-fields]","custom_messages":"yes","success_message":"Success!","error_message":"There's something wrong... Please fill in the required fields.","required_field_message":"Required","invalid_message":"There's something wrong... The form is invalid.","label_color":"#ffffff","button_text_color":"#ffffff","button_background_color":"#18c3dd","button_border_radius":{"unit":"px","top":"35","right":"35","bottom":"35","left":"35","isLinked":true},"button_hover_color":"#ffffff","button_background_hover_color":"#0eb1d6","button_align_mobile":"stretch","subscriber_already_exists_message":"Subscriber already exist.","label_typography_typography":"custom","label_typography_font_weight":"bold","field_typography_typography":"custom","_padding":{"unit":"px","top":"0","right":"100","bottom":"0","left":"100","isLinked":false},"_padding_tablet":{"unit":"px","top":"0","right":"75","bottom":"0","left":"75","isLinked":false},"_padding_mobile":{"unit":"px","top":"0","right":"0","bottom":"0","left":"0","isLinked":true},"field_border_color":"rgba(7,133,191,0.25)","field_border_radius":{"unit":"px","top":"5","right":"5","bottom":"5","left":"5","isLinked":true},"success_message_color":"#ffffff","error_message_color":"#ffffff","inline_message_color":"#ffffff"},"elements":[],"isInner":false,"widgetType":"form","elType":"widget"}],"isInner":true,"elType":"column"}],"isInner":true,"elType":"section"}],"isInner":false,"elType":"column"}],"isInner":false,"elType":"section"},{"id":"2e144acb","settings":{"background_background":"classic","background_color":"#f4f6f7","padding":{"unit":"px","top":"100","right":"50","bottom":"100","left":"50","isLinked":false},"padding_tablet":{"unit":"px","top":"80","right":"30","bottom":"80","left":"30","isLinked":false},"padding_mobile":{"unit":"px","top":"50","right":"10","bottom":"50","left":"10","isLinked":false},"background_gradient_angle":{"unit":"deg","size":90},"heading_color":"#052a44","color_text":"#616c75","color_link":"#0772b7","color_link_hover":"#0785bf","_title":"LP-FEATURES-01"},"elements":[{"id":"4468e0a1","settings":{"_column_size":100,"_inline_size":null,"padding":{"unit":"px","top":"0","right":"0","bottom":"0","left":"0","isLinked":true},"padding_tablet":{"unit":"px","top":"0","right":"0","bottom":"0","left":"0","isLinked":true}},"elements":[{"id":"3939b2c2","settings":{"structure":"30","margin":{"unit":"px","top":"0","right":0,"bottom":"0","left":0,"isLinked":true}},"elements":[{"id":"57a18175","settings":{"_column_size":33,"_inline_size":null,"background_background":"classic","padding":{"unit":"px","top":"30","right":"40","bottom":"30","left":"40","isLinked":false},"padding_tablet":{"unit":"px","top":"20","right":"20","bottom":"20","left":"20","isLinked":true},"padding_mobile":{"unit":"px","top":"20","right":"10","bottom":"20","left":"10","isLinked":false},"border_radius":{"unit":"px","top":"5","right":"5","bottom":"5","left":"5","isLinked":true}},"elements":[{"id":"bbf16f9","settings":{"icon":"fa fa-bookmark-o","title_text":"Use h4 or h5 heading","description_text":"Click edit button to change this text. Lorem ipsum dolor sit amet, consectetur.","position":"left","primary_color":"#0785bf","title_bottom_space":{"unit":"px","size":5},"title_size":"h5","icon_space":{"unit":"px","size":25},"title_color":"#052a44","icon_space_mobile":{"unit":"px","size":15}},"elements":[],"isInner":false,"widgetType":"icon-box","elType":"widget"}],"isInner":true,"elType":"column"},{"id":"6c9b28c4","settings":{"_column_size":33,"_inline_size":null,"background_background":"classic","padding":{"unit":"px","top":"30","right":"40","bottom":"30","left":"40","isLinked":false},"padding_tablet":{"unit":"px","top":"20","right":"20","bottom":"20","left":"20","isLinked":true},"padding_mobile":{"unit":"px","top":"20","right":"10","bottom":"20","left":"10","isLinked":false},"border_radius":{"unit":"px","top":"5","right":"5","bottom":"5","left":"5","isLinked":true}},"elements":[{"id":"77348518","settings":{"icon":"fa fa-bookmark-o","title_text":"Use h4 or h5 heading","description_text":"Click edit button to change this text. Lorem ipsum dolor sit amet, consectetur.","position":"left","primary_color":"#0785bf","title_bottom_space":{"unit":"px","size":5},"title_size":"h5","icon_space":{"unit":"px","size":25},"title_color":"#052a44","icon_space_mobile":{"unit":"px","size":15}},"elements":[],"isInner":false,"widgetType":"icon-box","elType":"widget"}],"isInner":true,"elType":"column"},{"id":"5a2eb684","settings":{"_column_size":33,"_inline_size":null,"background_background":"classic","padding":{"unit":"px","top":"30","right":"40","bottom":"30","left":"40","isLinked":false},"padding_tablet":{"unit":"px","top":"20","right":"20","bottom":"20","left":"20","isLinked":true},"padding_mobile":{"unit":"px","top":"20","right":"10","bottom":"20","left":"10","isLinked":false},"border_radius":{"unit":"px","top":"5","right":"5","bottom":"5","left":"5","isLinked":true}},"elements":[{"id":"24441f2f","settings":{"icon":"fa fa-bookmark-o","title_text":"Use h4 or h5 heading","description_text":"Click edit button to change this text. Lorem ipsum dolor sit amet, consectetur.","position":"left","primary_color":"#0785bf","title_bottom_space":{"unit":"px","size":5},"title_size":"h5","icon_space":{"unit":"px","size":25},"title_color":"#052a44","icon_space_mobile":{"unit":"px","size":15}},"elements":[],"isInner":false,"widgetType":"icon-box","elType":"widget"}],"isInner":true,"elType":"column"}],"isInner":true,"elType":"section"}],"isInner":false,"elType":"column"}],"isInner":false,"elType":"section"},{"id":"281b4594","settings":{"background_background":"classic","padding":{"unit":"px","top":"100","right":"50","bottom":"100","left":"50","isLinked":false},"padding_tablet":{"unit":"px","top":"80","right":"30","bottom":"80","left":"30","isLinked":false},"padding_mobile":{"unit":"px","top":"50","right":"10","bottom":"50","left":"10","isLinked":false},"background_color":"#ffffff","background_gradient_angle":{"unit":"deg","size":90},"reverse_order_mobile":"reverse-mobile","heading_color":"#052a44","color_text":"#616c75","color_link":"#0772b7","color_link_hover":"#0785bf","_title":"LP-FEATURES-28"},"elements":[{"id":"5d753dda","settings":{"_column_size":100,"_inline_size":null,"padding":{"unit":"px","top":"0","right":"0","bottom":"0","left":"0","isLinked":true},"padding_tablet":{"unit":"px","top":"0","right":"0","bottom":"0","left":"0","isLinked":true}},"elements":[{"id":"308285c0","settings":{"margin":{"unit":"px","top":"0","right":0,"bottom":"0","left":0,"isLinked":true},"content_width":{"unit":"px","size":900}},"elements":[{"id":"2b361038","settings":{"_column_size":100,"_inline_size":null,"background_background":"classic","padding":{"unit":"px","top":"20","right":"20","bottom":"20","left":"20","isLinked":true},"padding_tablet":{"unit":"px","top":"10","right":"10","bottom":"10","left":"10","isLinked":true},"padding_mobile":{"unit":"px","top":"20","right":"10","bottom":"20","left":"10","isLinked":false},"content_position":"center","_inline_size_tablet":100},"elements":[{"id":"40afa0b5","settings":{"title":"OPTIONAL SUBHEADING","align":"center","title_color":"#0785bf","header_size":"p","typography_typography":"custom","typography_letter_spacing":{"unit":"px","size":0.5},"typography_letter_spacing_mobile":{"unit":"px","size":0.3}},"elements":[],"isInner":false,"widgetType":"heading","elType":"widget"},{"id":"76bd0279","settings":{"title":"Use h2 or h3 heading","align":"center","align_mobile":"left"},"elements":[],"isInner":false,"widgetType":"heading","elType":"widget"},{"id":"9d81468","settings":{"editor":"<p>The recommended photo width here is 1000 pixels.\u00a0I am text block. Click edit button to change text.<\/p>","align":"center","align_mobile":"left"},"elements":[],"isInner":false,"widgetType":"text-editor","elType":"widget"},{"id":"315f2b5d","settings":{"space":{"unit":"px","size":30},"space_tablet":{"unit":"px","size":20},"space_mobile":{"unit":"px","size":10}},"elements":[],"isInner":false,"widgetType":"spacer","elType":"widget"}],"isInner":true,"elType":"column"}],"isInner":true,"elType":"section"},{"id":"1f294f74","settings":{"structure":"30","margin":{"unit":"px","top":"0","right":0,"bottom":"0","left":0,"isLinked":true},"reverse_order_mobile":"reverse-mobile"},"elements":[{"id":"7b943adf","settings":{"_column_size":33,"_inline_size":30,"background_background":"classic","padding":{"unit":"px","top":"30","right":"40","bottom":"30","left":"40","isLinked":false},"padding_tablet":{"unit":"px","top":"10","right":"20","bottom":"10","left":"10","isLinked":false},"padding_mobile":{"unit":"px","top":"20","right":"10","bottom":"20","left":"10","isLinked":false},"_inline_size_tablet":50,"content_position":"top"},"elements":[{"id":"3f4800aa","settings":{"title":"This is h5 heading","header_size":"h5"},"elements":[],"isInner":false,"widgetType":"heading","elType":"widget"},{"id":"fb5f4ab","settings":{"editor":"<p>Click edit button to change this text. Lorem ipsum dolor sit amet, consectetur.<\/p>"},"elements":[],"isInner":false,"widgetType":"text-editor","elType":"widget"},{"id":"4620b113","settings":{"space":{"unit":"px","size":25},"space_tablet":{"unit":"px","size":5},"space_mobile":{"unit":"px","size":5}},"elements":[],"isInner":false,"widgetType":"spacer","elType":"widget"},{"id":"188b69fa","settings":{"title":"This is h5 heading","header_size":"h5"},"elements":[],"isInner":false,"widgetType":"heading","elType":"widget"},{"id":"6b715d9a","settings":{"editor":"<p>Click edit button to change this text. Lorem ipsum dolor sit amet, consectetur.<\/p>"},"elements":[],"isInner":false,"widgetType":"text-editor","elType":"widget"}],"isInner":true,"elType":"column"},{"id":"30ab0d43","settings":{"_column_size":33,"_inline_size":30,"background_background":"classic","padding":{"unit":"px","top":"30","right":"40","bottom":"30","left":"40","isLinked":false},"padding_tablet":{"unit":"px","top":"10","right":"20","bottom":"10","left":"10","isLinked":false},"padding_mobile":{"unit":"px","top":"20","right":"10","bottom":"20","left":"10","isLinked":false},"_inline_size_tablet":50,"content_position":"top"},"elements":[{"id":"63a3d09","settings":{"title":"This is h5 heading","header_size":"h5"},"elements":[],"isInner":false,"widgetType":"heading","elType":"widget"},{"id":"37ba1e1d","settings":{"editor":"<p>Click edit button to change this text. Lorem ipsum dolor sit amet, consectetur.<\/p>"},"elements":[],"isInner":false,"widgetType":"text-editor","elType":"widget"},{"id":"3406586e","settings":{"space":{"unit":"px","size":25},"space_tablet":{"unit":"px","size":5},"space_mobile":{"unit":"px","size":5}},"elements":[],"isInner":false,"widgetType":"spacer","elType":"widget"},{"id":"1564cce3","settings":{"title":"This is h5 heading","header_size":"h5"},"elements":[],"isInner":false,"widgetType":"heading","elType":"widget"},{"id":"51423488","settings":{"editor":"<p>Click edit button to change this text. Lorem ipsum dolor sit amet, consectetur.<\/p>"},"elements":[],"isInner":false,"widgetType":"text-editor","elType":"widget"}],"isInner":true,"elType":"column"},{"id":"1c5c2e9b","settings":{"_column_size":33,"_inline_size":39.999,"background_background":"classic","padding":{"unit":"px","top":"20","right":"20","bottom":"20","left":"40","isLinked":false},"padding_tablet":{"unit":"px","top":"10","right":"10","bottom":"10","left":"10","isLinked":false},"padding_mobile":{"unit":"px","top":"20","right":"10","bottom":"20","left":"10","isLinked":false},"_inline_size_tablet":100,"content_position":"top"},"elements":[{"id":"4a21985b","settings":{"image_border_radius":{"unit":"px","top":"5","right":"5","bottom":"5","left":"5","isLinked":true},"image":{"url":"https:\/\/www.divi01.com\/wp-content\/uploads\/placeholder-700x450.jpg","id":31963},"image_box_shadow_box_shadow_type":"yes","image_box_shadow_box_shadow":{"horizontal":0,"vertical":0,"blur":10,"spread":0,"color":"rgba(0,0,0,0.25)"}},"elements":[],"isInner":false,"widgetType":"image","elType":"widget"}],"isInner":true,"elType":"column"}],"isInner":true,"elType":"section"}],"isInner":false,"elType":"column"}],"isInner":false,"elType":"section"},{"id":"5f77d0ba","settings":{"background_background":"gradient","background_color":"#0785bf","padding":{"unit":"px","top":"100","right":"50","bottom":"100","left":"50","isLinked":false},"padding_tablet":{"unit":"px","top":"80","right":"30","bottom":"80","left":"30","isLinked":false},"padding_mobile":{"unit":"px","top":"50","right":"10","bottom":"50","left":"10","isLinked":false},"background_gradient_angle":{"unit":"deg","size":90},"background_color_b":"#0360b2","heading_color":"#ffffff","color_text":"rgba(255,255,255,0.85)","color_link":"#18c3dd","color_link_hover":"#0772b7","_title":"LP-TESTIMONIAL-01"},"elements":[{"id":"4df0211b","settings":{"_column_size":100,"_inline_size":null,"padding":{"unit":"px","top":"0","right":"0","bottom":"0","left":"0","isLinked":true},"padding_tablet":{"unit":"px","top":"0","right":"0","bottom":"0","left":"0","isLinked":true}},"elements":[{"id":"2ed87977","settings":{"margin":{"unit":"px","top":"0","right":0,"bottom":"0","left":0,"isLinked":true},"content_width":{"unit":"px","size":900}},"elements":[{"id":"1b0ef018","settings":{"_column_size":100,"_inline_size":null,"background_background":"classic","padding":{"unit":"px","top":"20","right":"20","bottom":"20","left":"20","isLinked":true},"padding_tablet":{"unit":"px","top":"10","right":"10","bottom":"10","left":"10","isLinked":true},"padding_mobile":{"unit":"px","top":"20","right":"10","bottom":"20","left":"10","isLinked":false},"content_position":"center","_inline_size_tablet":100},"elements":[{"id":"76cad0e9","settings":{"icon":"fa fa-quote-left","primary_color":"#18c3dd"},"elements":[],"isInner":false,"widgetType":"icon","elType":"widget"},{"id":"54a9c2f3","settings":{"title":"I am text block. Click edit button to change this text. Lorem ipsum dolor sit amet, consectetur adipiscing elit. Ut elit tellus, luctus nec ullamcorper mattis, pulvinar dapibus leo.","header_size":"p","typography_typography":"custom","typography_font_size":{"unit":"em","size":1.7},"typography_font_size_tablet":{"unit":"em","size":1.6},"typography_font_size_mobile":{"unit":"em","size":1.5},"typography_font_style":"italic","typography_line_height":{"unit":"em","size":1.4},"align":"center"},"elements":[],"isInner":false,"widgetType":"heading","elType":"widget"},{"id":"14b66e59","settings":{"editor":"<p>- Emma, Company Name<\/p>","align":"center"},"elements":[],"isInner":false,"widgetType":"text-editor","elType":"widget"}],"isInner":true,"elType":"column"}],"isInner":true,"elType":"section"}],"isInner":false,"elType":"column"}],"isInner":false,"elType":"section"}]}