{"version":"0.4","title":"LP-PAGE-features-07-light-hero","type":"page","content":[{"id":"75732a1a","settings":{"background_background":"classic","padding":{"unit":"px","top":"100","right":"50","bottom":"100","left":"50","isLinked":false},"padding_tablet":{"unit":"px","top":"80","right":"30","bottom":"80","left":"30","isLinked":false},"padding_mobile":{"unit":"px","top":"50","right":"10","bottom":"50","left":"10","isLinked":false},"background_gradient_angle":{"unit":"deg","size":90},"background_color":"#f4f6f7","heading_color":"#052a44","color_text":"#616c75","color_link":"#0772b7","color_link_hover":"#0785bf","_title":"LP-TITLE-01"},"elements":[{"id":"38253330","settings":{"_column_size":100,"_inline_size":null,"padding":{"unit":"px","top":"0","right":"0","bottom":"0","left":"0","isLinked":true},"padding_tablet":{"unit":"px","top":"0","right":"0","bottom":"0","left":"0","isLinked":true}},"elements":[{"id":"65e78f76","settings":{"margin":{"unit":"px","top":"0","right":0,"bottom":"0","left":0,"isLinked":true},"content_width":{"unit":"px","size":900}},"elements":[{"id":"75e09039","settings":{"_column_size":100,"_inline_size":null,"background_background":"classic","padding":{"unit":"px","top":"20","right":"20","bottom":"20","left":"20","isLinked":true},"padding_tablet":{"unit":"px","top":"10","right":"10","bottom":"10","left":"10","isLinked":true},"padding_mobile":{"unit":"px","top":"20","right":"10","bottom":"20","left":"10","isLinked":false}},"elements":[{"id":"3f06dde1","settings":{"title":"OPTIONAL SUBHEADING","header_size":"p","align":"center","title_color":"#0785bf","typography_typography":"custom","typography_letter_spacing":{"unit":"px","size":0.5},"typography_letter_spacing_mobile":{"unit":"px","size":0.3}},"elements":[],"isInner":false,"widgetType":"heading","elType":"widget"},{"id":"417cf064","settings":{"title":"This is an h1 title for the header of your page","header_size":"h1","align":"center"},"elements":[],"isInner":false,"widgetType":"heading","elType":"widget"},{"id":"34ae7269","settings":{"editor":"<p>Another optional subheading, only use one subheading<\/p>","align":"center","typography_typography":"custom","typography_font_size":{"unit":"em","size":1.3},"typography_line_height":{"unit":"em","size":1.5},"typography_font_size_tablet":{"unit":"em","size":1.3},"typography_font_size_mobile":{"unit":"em","size":1.2}},"elements":[],"isInner":false,"widgetType":"text-editor","elType":"widget"}],"isInner":true,"elType":"column"}],"isInner":true,"elType":"section"}],"isInner":false,"elType":"column"}],"isInner":false,"elType":"section"},{"id":"63036e5","settings":{"background_background":"classic","background_color":"#ffffff","padding":{"unit":"px","top":"100","right":"50","bottom":"100","left":"50","isLinked":false},"padding_tablet":{"unit":"px","top":"80","right":"30","bottom":"80","left":"30","isLinked":false},"padding_mobile":{"unit":"px","top":"50","right":"10","bottom":"50","left":"10","isLinked":false},"background_gradient_angle":{"unit":"deg","size":90},"heading_color":"#052a44","color_text":"#616c75","color_link":"#0772b7","color_link_hover":"#0785bf","_title":"LP-FEATURES-16"},"elements":[{"id":"4e4ebade","settings":{"_column_size":100,"_inline_size":null,"padding":{"unit":"px","top":"0","right":"0","bottom":"0","left":"0","isLinked":true},"padding_tablet":{"unit":"px","top":"0","right":"0","bottom":"0","left":"0","isLinked":true}},"elements":[{"id":"68a3f5c0","settings":{"margin":{"unit":"px","top":"0","right":0,"bottom":"0","left":0,"isLinked":true},"content_width":{"unit":"px","size":900}},"elements":[{"id":"2c452f86","settings":{"_column_size":100,"_inline_size":null,"background_background":"classic","padding":{"unit":"px","top":"20","right":"20","bottom":"20","left":"20","isLinked":true},"padding_tablet":{"unit":"px","top":"10","right":"10","bottom":"10","left":"10","isLinked":true},"padding_mobile":{"unit":"px","top":"20","right":"10","bottom":"20","left":"10","isLinked":false},"content_position":"center","_inline_size_tablet":100},"elements":[{"id":"16572c10","settings":{"title":"OPTIONAL SUBHEADING","align":"center","title_color":"#0785bf","header_size":"p","typography_typography":"custom","typography_letter_spacing":{"unit":"px","size":0.5},"typography_letter_spacing_mobile":{"unit":"px","size":0.3}},"elements":[],"isInner":false,"widgetType":"heading","elType":"widget"},{"id":"3f62e61a","settings":{"title":"Use h2 or h3 heading","align":"center"},"elements":[],"isInner":false,"widgetType":"heading","elType":"widget"},{"id":"486fe52a","settings":{"editor":"<p>The recommended photo width here is 1000 pixels.\u00a0I am text block. Click edit button to change text.<\/p>","align":"center"},"elements":[],"isInner":false,"widgetType":"text-editor","elType":"widget"},{"id":"5bd1b88e","settings":{"space":{"unit":"px","size":30},"space_tablet":{"unit":"px","size":20},"space_mobile":{"unit":"px","size":10}},"elements":[],"isInner":false,"widgetType":"spacer","elType":"widget"}],"isInner":true,"elType":"column"}],"isInner":true,"elType":"section"},{"id":"7fcb5913","settings":{"structure":"20","margin":{"unit":"px","top":"0","right":0,"bottom":"0","left":0,"isLinked":true}},"elements":[{"id":"6d7b521d","settings":{"_column_size":50,"_inline_size":null,"background_background":"classic","padding":{"unit":"px","top":"20","right":"40","bottom":"20","left":"20","isLinked":false},"padding_tablet":{"unit":"px","top":"10","right":"10","bottom":"50","left":"10","isLinked":false},"padding_mobile":{"unit":"px","top":"20","right":"10","bottom":"20","left":"10","isLinked":false},"content_position":"center","_inline_size_tablet":100},"elements":[{"id":"2c86fdae","settings":{"icon":"fa fa-bolt","title_text":"Use h4 or h5 heading","description_text":"Click edit button to change this text. Lorem ipsum dolor sit amet, consectetur.","position":"left","primary_color":"#0785bf","title_bottom_space":{"unit":"px","size":5},"title_size":"h5","icon_space":{"unit":"px","size":25},"title_color":"#052a44","icon_space_mobile":{"unit":"px","size":15}},"elements":[],"isInner":false,"widgetType":"icon-box","elType":"widget"},{"id":"7ee7926b","settings":{"space":{"unit":"px","size":15},"space_tablet":{"unit":"px","size":10},"space_mobile":{"unit":"px","size":5}},"elements":[],"isInner":false,"widgetType":"spacer","elType":"widget"},{"id":"7b033513","settings":{"icon":"fa fa-diamond","title_text":"Use h4 or h5 heading","description_text":"Click edit button to change this text. Lorem ipsum dolor sit amet, consectetur.","position":"left","primary_color":"#0785bf","title_bottom_space":{"unit":"px","size":5},"title_size":"h5","icon_space":{"unit":"px","size":25},"title_color":"#052a44","icon_space_mobile":{"unit":"px","size":15}},"elements":[],"isInner":false,"widgetType":"icon-box","elType":"widget"},{"id":"56aacec4","settings":{"space":{"unit":"px","size":15},"space_tablet":{"unit":"px","size":10},"space_mobile":{"unit":"px","size":5}},"elements":[],"isInner":false,"widgetType":"spacer","elType":"widget"},{"id":"3ae5ee80","settings":{"icon":"fa fa-bookmark-o","title_text":"Use h4 or h5 heading","description_text":"Click edit button to change this text. Lorem ipsum dolor sit amet, consectetur.","position":"left","primary_color":"#0785bf","title_bottom_space":{"unit":"px","size":5},"title_size":"h5","icon_space":{"unit":"px","size":25},"title_color":"#052a44","icon_space_mobile":{"unit":"px","size":15}},"elements":[],"isInner":false,"widgetType":"icon-box","elType":"widget"}],"isInner":true,"elType":"column"},{"id":"67430a50","settings":{"_column_size":50,"_inline_size":null,"background_background":"classic","padding":{"unit":"px","top":"20","right":"20","bottom":"20","left":"20","isLinked":true},"padding_tablet":{"unit":"px","top":"10","right":"10","bottom":"10","left":"10","isLinked":false},"padding_mobile":{"unit":"px","top":"20","right":"10","bottom":"20","left":"10","isLinked":false},"_inline_size_tablet":100},"elements":[{"id":"1cc3418e","settings":{"image_border_radius":{"unit":"px","top":"5","right":"5","bottom":"5","left":"5","isLinked":true},"image":{"url":"https:\/\/www.divi01.com\/wp-content\/uploads\/placeholder-700x450.jpg","id":31963},"image_box_shadow_box_shadow_type":"yes","image_box_shadow_box_shadow":{"horizontal":0,"vertical":0,"blur":10,"spread":0,"color":"rgba(0,0,0,0.25)"}},"elements":[],"isInner":false,"widgetType":"image","elType":"widget"}],"isInner":true,"elType":"column"}],"isInner":true,"elType":"section"}],"isInner":false,"elType":"column"}],"isInner":false,"elType":"section"},{"id":"4fa894b1","settings":{"background_background":"classic","padding":{"unit":"px","top":"100","right":"50","bottom":"100","left":"50","isLinked":false},"padding_tablet":{"unit":"px","top":"80","right":"30","bottom":"80","left":"30","isLinked":false},"padding_mobile":{"unit":"px","top":"50","right":"10","bottom":"50","left":"10","isLinked":false},"background_gradient_angle":{"unit":"deg","size":90},"background_color":"#f4f6f7","heading_color":"#052a44","color_text":"#616c75","color_link":"#0772b7","color_link_hover":"#0785bf","_title":"LP-IMAGE-GALLERY-01"},"elements":[{"id":"6cd86eac","settings":{"_column_size":100,"_inline_size":null,"padding":{"unit":"px","top":"0","right":"0","bottom":"0","left":"0","isLinked":true},"padding_tablet":{"unit":"px","top":"0","right":"0","bottom":"0","left":"0","isLinked":true}},"elements":[{"id":"3c575fe3","settings":{"margin":{"unit":"px","top":"0","right":0,"bottom":"0","left":0,"isLinked":true},"margin_mobile":{"unit":"px","top":"","right":0,"bottom":"","left":0,"isLinked":true}},"elements":[{"id":"5887f3bb","settings":{"_column_size":100,"_inline_size":null,"background_background":"classic","padding":{"unit":"px","top":"20","right":"20","bottom":"20","left":"20","isLinked":true},"padding_tablet":{"unit":"px","top":"10","right":"10","bottom":"10","left":"10","isLinked":true},"padding_mobile":{"unit":"px","top":"20","right":"10","bottom":"20","left":"10","isLinked":false}},"elements":[{"id":"7d000e2e","settings":{"wp_gallery":[{"id":32008,"url":"https:\/\/www.divi01.com\/wp-content\/uploads\/placeholder-700x700-gallery1.jpg"},{"id":32009,"url":"https:\/\/www.divi01.com\/wp-content\/uploads\/placeholder-700x700-gallery2.jpg"},{"id":32010,"url":"https:\/\/www.divi01.com\/wp-content\/uploads\/placeholder-700x700-gallery3.jpg"},{"id":32011,"url":"https:\/\/www.divi01.com\/wp-content\/uploads\/placeholder-700x700-gallery4.jpg"}],"thumbnail_size":"medium_large","gallery_columns":"4","image_spacing":"custom","image_spacing_custom":{"unit":"px","size":20},"image_border_radius":{"unit":"px","top":"5","right":"5","bottom":"5","left":"5","isLinked":true},"gallery_display_caption":"none","text_color":"rgba(255,255,255,0.85)","open_lightbox":"yes"},"elements":[],"isInner":false,"widgetType":"image-gallery","elType":"widget"}],"isInner":true,"elType":"column"}],"isInner":true,"elType":"section"}],"isInner":false,"elType":"column"}],"isInner":false,"elType":"section"},{"id":"56867293","settings":{"background_background":"classic","background_color":"#ffffff","padding":{"unit":"px","top":"100","right":"50","bottom":"100","left":"50","isLinked":false},"padding_tablet":{"unit":"px","top":"80","right":"30","bottom":"80","left":"30","isLinked":false},"padding_mobile":{"unit":"px","top":"50","right":"10","bottom":"50","left":"10","isLinked":false},"background_gradient_angle":{"unit":"deg","size":90},"heading_color":"#052a44","color_text":"#616c75","color_link":"#0772b7","color_link_hover":"#0785bf","_title":"LP-FEATURES-16"},"elements":[{"id":"5a2f0f1e","settings":{"_column_size":100,"_inline_size":null,"padding":{"unit":"px","top":"0","right":"0","bottom":"0","left":"0","isLinked":true},"padding_tablet":{"unit":"px","top":"0","right":"0","bottom":"0","left":"0","isLinked":true}},"elements":[{"id":"49002cc","settings":{"margin":{"unit":"px","top":"0","right":0,"bottom":"0","left":0,"isLinked":true},"content_width":{"unit":"px","size":900}},"elements":[{"id":"33d19757","settings":{"_column_size":100,"_inline_size":null,"background_background":"classic","padding":{"unit":"px","top":"20","right":"20","bottom":"20","left":"20","isLinked":true},"padding_tablet":{"unit":"px","top":"10","right":"10","bottom":"10","left":"10","isLinked":true},"padding_mobile":{"unit":"px","top":"20","right":"10","bottom":"20","left":"10","isLinked":false},"content_position":"center","_inline_size_tablet":100},"elements":[{"id":"141aacf6","settings":{"title":"OPTIONAL SUBHEADING","align":"center","title_color":"#0785bf","header_size":"p","typography_typography":"custom","typography_letter_spacing":{"unit":"px","size":0.5},"typography_letter_spacing_mobile":{"unit":"px","size":0.3}},"elements":[],"isInner":false,"widgetType":"heading","elType":"widget"},{"id":"7f2324ee","settings":{"title":"Use h2 or h3 heading","align":"center"},"elements":[],"isInner":false,"widgetType":"heading","elType":"widget"},{"id":"eaf7293","settings":{"editor":"<p>The recommended photo width here is 1000 pixels.\u00a0I am text block. Click edit button to change text.<\/p>","align":"center"},"elements":[],"isInner":false,"widgetType":"text-editor","elType":"widget"},{"id":"55979d5b","settings":{"space":{"unit":"px","size":30},"space_tablet":{"unit":"px","size":20},"space_mobile":{"unit":"px","size":10}},"elements":[],"isInner":false,"widgetType":"spacer","elType":"widget"}],"isInner":true,"elType":"column"}],"isInner":true,"elType":"section"},{"id":"2b1707d1","settings":{"structure":"20","margin":{"unit":"px","top":"0","right":0,"bottom":"0","left":0,"isLinked":true}},"elements":[{"id":"6bf6ca87","settings":{"_column_size":50,"_inline_size":null,"background_background":"classic","padding":{"unit":"px","top":"20","right":"20","bottom":"20","left":"20","isLinked":true},"padding_tablet":{"unit":"px","top":"10","right":"10","bottom":"30","left":"10","isLinked":false},"padding_mobile":{"unit":"px","top":"20","right":"10","bottom":"20","left":"10","isLinked":false},"_inline_size_tablet":100},"elements":[{"id":"3b7f2cd1","settings":{"image_border_radius":{"unit":"px","top":"5","right":"5","bottom":"5","left":"5","isLinked":true},"image":{"url":"https:\/\/www.divi01.com\/wp-content\/uploads\/placeholder-700x450.jpg","id":31963},"image_box_shadow_box_shadow_type":"yes","image_box_shadow_box_shadow":{"horizontal":0,"vertical":0,"blur":10,"spread":0,"color":"rgba(0,0,0,0.25)"}},"elements":[],"isInner":false,"widgetType":"image","elType":"widget"}],"isInner":true,"elType":"column"},{"id":"579ee028","settings":{"_column_size":50,"_inline_size":null,"background_background":"classic","padding":{"unit":"px","top":"20","right":"20","bottom":"20","left":"40","isLinked":false},"padding_tablet":{"unit":"px","top":"10","right":"10","bottom":"10","left":"20","isLinked":false},"padding_mobile":{"unit":"px","top":"20","right":"10","bottom":"20","left":"10","isLinked":false},"content_position":"center","_inline_size_tablet":100},"elements":[{"id":"7a032ce6","settings":{"icon":"fa fa-bolt","title_text":"Use h4 or h5 heading","description_text":"Click edit button to change this text. Lorem ipsum dolor sit amet, consectetur.","position":"left","primary_color":"#0785bf","title_bottom_space":{"unit":"px","size":5},"title_size":"h5","icon_space":{"unit":"px","size":25},"title_color":"#052a44","icon_space_mobile":{"unit":"px","size":15}},"elements":[],"isInner":false,"widgetType":"icon-box","elType":"widget"},{"id":"51d658e1","settings":{"space":{"unit":"px","size":15},"space_tablet":{"unit":"px","size":10},"space_mobile":{"unit":"px","size":5}},"elements":[],"isInner":false,"widgetType":"spacer","elType":"widget"},{"id":"2b59b0a1","settings":{"icon":"fa fa-diamond","title_text":"Use h4 or h5 heading","description_text":"Click edit button to change this text. Lorem ipsum dolor sit amet, consectetur.","position":"left","primary_color":"#0785bf","title_bottom_space":{"unit":"px","size":5},"title_size":"h5","icon_space":{"unit":"px","size":25},"title_color":"#052a44","icon_space_mobile":{"unit":"px","size":15}},"elements":[],"isInner":false,"widgetType":"icon-box","elType":"widget"},{"id":"42731211","settings":{"space":{"unit":"px","size":15},"space_tablet":{"unit":"px","size":10},"space_mobile":{"unit":"px","size":5}},"elements":[],"isInner":false,"widgetType":"spacer","elType":"widget"},{"id":"2da81170","settings":{"icon":"fa fa-bookmark-o","title_text":"Use h4 or h5 heading","description_text":"Click edit button to change this text. Lorem ipsum dolor sit amet, consectetur.","position":"left","primary_color":"#0785bf","title_bottom_space":{"unit":"px","size":5},"title_size":"h5","icon_space":{"unit":"px","size":25},"title_color":"#052a44","icon_space_mobile":{"unit":"px","size":15}},"elements":[],"isInner":false,"widgetType":"icon-box","elType":"widget"}],"isInner":true,"elType":"column"}],"isInner":true,"elType":"section"}],"isInner":false,"elType":"column"}],"isInner":false,"elType":"section"},{"id":"7edfa24a","settings":{"background_background":"gradient","padding":{"unit":"px","top":"100","right":"50","bottom":"100","left":"50","isLinked":false},"padding_tablet":{"unit":"px","top":"80","right":"30","bottom":"80","left":"30","isLinked":false},"padding_mobile":{"unit":"px","top":"50","right":"10","bottom":"50","left":"10","isLinked":false},"background_gradient_angle":{"unit":"deg","size":90},"background_color":"#0785bf","background_color_b":"#0360b2","heading_color":"#ffffff","color_text":"rgba(255,255,255,0.85)","color_link":"#18c3dd","color_link_hover":"#0eb1d6","_title":"LP-CTA-BUTTON-28"},"elements":[{"id":"1bebda4f","settings":{"_column_size":100,"_inline_size":null,"padding":{"unit":"px","top":"0","right":"0","bottom":"0","left":"0","isLinked":true},"padding_tablet":{"unit":"px","top":"0","right":"0","bottom":"0","left":"0","isLinked":true}},"elements":[{"id":"1360e814","settings":{"margin":{"unit":"px","top":"0","right":0,"bottom":"0","left":0,"isLinked":true},"content_width":{"unit":"px","size":740}},"elements":[{"id":"78af6b64","settings":{"_column_size":100,"_inline_size":null,"background_background":"classic","padding":{"unit":"px","top":"20","right":"20","bottom":"20","left":"20","isLinked":true},"padding_tablet":{"unit":"px","top":"10","right":"10","bottom":"10","left":"10","isLinked":true},"padding_mobile":{"unit":"px","top":"20","right":"10","bottom":"20","left":"10","isLinked":false}},"elements":[{"id":"261a3ce4","settings":{"title":"Use h2 or h3 heading","header_size":"h3","align":"center"},"elements":[],"isInner":false,"widgetType":"heading","elType":"widget"},{"id":"30d9dde2","settings":{"editor":"<p>The recommended photo width here is 700 pixels.\u00a0I am text block. Click edit button to change this text.<\/p>","align":"center"},"elements":[],"isInner":false,"widgetType":"text-editor","elType":"widget"},{"id":"116c6114","settings":{"text":"Clickable Button","align":"center","size":"lg","align_mobile":"justify","button_text_color":"#ffffff","background_color":"#18c3dd","hover_color":"#ffffff","button_background_hover_color":"#0eb1d6","border_radius":{"unit":"px","top":"35","right":"35","bottom":"35","left":"35","isLinked":true}},"elements":[],"isInner":false,"widgetType":"button","elType":"widget"},{"id":"13958f01","settings":{"space":{"unit":"px","size":"15"},"space_tablet":{"unit":"px","size":"10"},"space_mobile":{"unit":"px","size":"5"}},"elements":[],"isInner":false,"widgetType":"spacer","elType":"widget"},{"id":"4d9d1f70","settings":{"image":{"url":"https:\/\/www.divi01.com\/wp-content\/uploads\/placeholder-700x450.jpg","id":31963},"image_size":"medium_large","image_border_radius":{"unit":"px","top":"5","right":"5","bottom":"5","left":"5","isLinked":true}},"elements":[],"isInner":false,"widgetType":"image","elType":"widget"}],"isInner":true,"elType":"column"}],"isInner":true,"elType":"section"}],"isInner":false,"elType":"column"}],"isInner":false,"elType":"section"}]}