{"version":"0.4","title":"LP-PAGE-contact-04-dark-hero","type":"page","content":[{"id":"51ec64e6","settings":{"background_background":"gradient","padding":{"unit":"px","top":"100","right":"50","bottom":"100","left":"50","isLinked":false},"padding_tablet":{"unit":"px","top":"80","right":"30","bottom":"80","left":"30","isLinked":false},"padding_mobile":{"unit":"px","top":"50","right":"10","bottom":"50","left":"10","isLinked":false},"background_gradient_angle":{"unit":"deg","size":90},"background_color":"#0785bf","background_color_b":"#0360b2","heading_color":"#ffffff","color_text":"rgba(255,255,255,0.85)","color_link":"#18c3dd","color_link_hover":"#0eb1d6","_title":"LP-CONTACT-05"},"elements":[{"id":"6fb55f83","settings":{"_column_size":100,"_inline_size":null,"padding":{"unit":"px","top":"0","right":"0","bottom":"0","left":"0","isLinked":true},"padding_tablet":{"unit":"px","top":"0","right":"0","bottom":"0","left":"0","isLinked":true}},"elements":[{"id":"39f71355","settings":{"margin":{"unit":"px","top":"0","right":0,"bottom":"0","left":0,"isLinked":true},"content_width":{"unit":"px","size":740}},"elements":[{"id":"42f827f4","settings":{"_column_size":100,"_inline_size":null,"background_background":"classic","padding":{"unit":"px","top":"20","right":"20","bottom":"20","left":"20","isLinked":true},"padding_tablet":{"unit":"px","top":"10","right":"10","bottom":"10","left":"10","isLinked":true},"padding_mobile":{"unit":"px","top":"20","right":"10","bottom":"20","left":"10","isLinked":false}},"elements":[{"id":"370064ce","settings":{"title":"Contact Us","align":"center","typography_font_size_mobile":{"unit":"px","size":49},"header_size":"h1"},"elements":[],"isInner":false,"widgetType":"heading","elType":"widget"},{"id":"36ec67da","settings":{"editor":"<p>I am text block. Click edit button to change this text.<\/p>","align":"center"},"elements":[],"isInner":false,"widgetType":"text-editor","elType":"widget"},{"id":"5f1c03ea","settings":{"space":{"unit":"px","size":30},"space_tablet":{"unit":"px","size":20},"space_mobile":{"unit":"px","size":10}},"elements":[],"isInner":false,"widgetType":"spacer","elType":"widget"}],"isInner":true,"elType":"column"}],"isInner":true,"elType":"section"},{"id":"747b029b","settings":{"margin":{"unit":"px","top":"0","right":0,"bottom":"0","left":0,"isLinked":true},"content_width":{"unit":"px","size":740}},"elements":[{"id":"7ae75c5f","settings":{"_column_size":100,"_inline_size":null,"background_background":"classic","padding":{"unit":"px","top":"40","right":"40","bottom":"40","left":"40","isLinked":true},"padding_tablet":{"unit":"px","top":"30","right":"30","bottom":"30","left":"30","isLinked":true},"padding_mobile":{"unit":"px","top":"25","right":"25","bottom":"25","left":"25","isLinked":true},"background_color":"rgba(255,255,255,0.09)","border_radius":{"unit":"px","top":"5","right":"5","bottom":"5","left":"5","isLinked":true}},"elements":[{"id":"43bd4226","settings":{"form_name":"New Form","form_fields":[{"_id":"name","field_type":"text","field_label":"Name","placeholder":"Name","width":"50","field_value":"","required":"","field_options":"","inline_list":"","width_tablet":"","width_mobile":"","rows":4,"recaptcha_size":"normal","recaptcha_style":"light","css_classes":"","file_sizes":"","file_types":"","allow_multiple_upload":"","max_files":"","acceptance_text":"","checked_by_default":"","field_min":"","field_max":"","min_date":"","max_date":"","use_native_date":"","use_native_time":"","allow_multiple":"","select_size":"","field_html":""},{"_id":"email","field_type":"email","required":"true","field_label":"Email","placeholder":"Email","width":"50","field_value":"","field_options":"","inline_list":"","width_tablet":"","width_mobile":"","rows":4,"recaptcha_size":"normal","recaptcha_style":"light","css_classes":"","file_sizes":"","file_types":"","allow_multiple_upload":"","max_files":"","acceptance_text":"","checked_by_default":"","field_min":"","field_max":"","min_date":"","max_date":"","use_native_date":"","use_native_time":"","allow_multiple":"","select_size":"","field_html":""},{"_id":"message","field_type":"textarea","field_label":"Message","placeholder":"Message","width":"100","field_value":"","required":"","field_options":"","inline_list":"","width_tablet":"","width_mobile":"","rows":4,"recaptcha_size":"normal","recaptcha_style":"light","css_classes":"","file_sizes":"","file_types":"","allow_multiple_upload":"","max_files":"","acceptance_text":"","checked_by_default":"","field_min":"","field_max":"","min_date":"","max_date":"","use_native_date":"","use_native_time":"","allow_multiple":"","select_size":"","field_html":""}],"input_size":"md","button_text":"Submit","button_size":"md","button_align":"start","email_content":"[all-fields]","form_metadata":["page_url","user_agent"],"email_content_2":"[all-fields]","success_message":"The form was sent successfully!","error_message":"There's something wrong... Please fill in the required fields.","required_field_message":"Required","invalid_message":"There's something wrong... The form is invalid.","label_color":"#ffffff","field_border_color":"rgba(7,133,191,0.25)","button_text_color":"#ffffff","button_background_color":"#18c3dd","button_border_radius":{"unit":"px","top":"35","right":"35","bottom":"35","left":"35","isLinked":true},"button_hover_color":"#ffffff","button_background_hover_color":"#0eb1d6","subscriber_already_exists_message":"Subscriber already exist.","label_typography_typography":"custom","label_typography_font_weight":"bold","_padding_mobile":{"unit":"px","top":"0","right":"0","bottom":"0","left":"0","isLinked":false},"field_border_radius":{"unit":"px","top":"5","right":"5","bottom":"5","left":"5","isLinked":true},"success_message_color":"#ffffff","error_message_color":"#ffffff","inline_message_color":"#ffffff"},"elements":[],"isInner":false,"widgetType":"form","elType":"widget"}],"isInner":true,"elType":"column"}],"isInner":true,"elType":"section"}],"isInner":false,"elType":"column"}],"isInner":false,"elType":"section"},{"id":"7c54dbe","settings":{"background_background":"classic","background_color":"#ffffff","padding":{"unit":"px","top":"100","right":"50","bottom":"100","left":"50","isLinked":false},"padding_tablet":{"unit":"px","top":"80","right":"30","bottom":"80","left":"30","isLinked":false},"padding_mobile":{"unit":"px","top":"50","right":"10","bottom":"50","left":"10","isLinked":false},"background_gradient_angle":{"unit":"deg","size":90},"heading_color":"#052a44","color_text":"#616c75","color_link":"#0772b7","color_link_hover":"#0785bf","_title":"LP-FEATURES-10"},"elements":[{"id":"214d7ebc","settings":{"_column_size":100,"_inline_size":null,"padding":{"unit":"px","top":"0","right":"0","bottom":"0","left":"0","isLinked":true},"padding_tablet":{"unit":"px","top":"0","right":"0","bottom":"0","left":"0","isLinked":true}},"elements":[{"id":"64b9dab9","settings":{"margin":{"unit":"px","top":"0","right":0,"bottom":"0","left":0,"isLinked":true},"content_width":{"unit":"px","size":999}},"elements":[{"id":"217d164","settings":{"_column_size":100,"_inline_size":null,"background_background":"classic","padding":{"unit":"px","top":"20","right":"20","bottom":"20","left":"20","isLinked":true},"padding_tablet":{"unit":"px","top":"10","right":"10","bottom":"10","left":"10","isLinked":true},"padding_mobile":{"unit":"px","top":"20","right":"10","bottom":"20","left":"10","isLinked":false},"content_position":"center","_inline_size_tablet":100},"elements":[{"id":"19b9128b","settings":{"title":"OPTIONAL SUBHEADING","title_color":"#0785bf","header_size":"p","typography_typography":"custom","typography_letter_spacing":{"unit":"px","size":0.5},"typography_letter_spacing_mobile":{"unit":"px","size":0.3},"align":"center"},"elements":[],"isInner":false,"widgetType":"heading","elType":"widget"},{"id":"5085ef56","settings":{"title":"Use h2 or h3 heading","align_mobile":"center","align":"center"},"elements":[],"isInner":false,"widgetType":"heading","elType":"widget"},{"id":"5f1a0058","settings":{"editor":"<p>I am text block. Click edit button to change this text. Lorem ipsum dolor sit amet.<\/p>","align_mobile":"center","align":"center"},"elements":[],"isInner":false,"widgetType":"text-editor","elType":"widget"},{"id":"51f0337b","settings":{"space":{"unit":"px","size":30},"space_tablet":{"unit":"px","size":20},"space_mobile":{"unit":"px","size":10}},"elements":[],"isInner":false,"widgetType":"spacer","elType":"widget"}],"isInner":true,"elType":"column"}],"isInner":true,"elType":"section"},{"id":"5d019092","settings":{"margin":{"unit":"px","top":"0","right":0,"bottom":"0","left":0,"isLinked":true},"content_width":{"unit":"px","size":1000},"structure":"20"},"elements":[{"id":"4fe0e7f1","settings":{"_column_size":50,"_inline_size":null,"background_background":"classic","padding":{"unit":"px","top":"20","right":"20","bottom":"20","left":"20","isLinked":true},"padding_tablet":{"unit":"px","top":"10","right":"10","bottom":"10","left":"10","isLinked":true},"padding_mobile":{"unit":"px","top":"20","right":"10","bottom":"20","left":"10","isLinked":false},"content_position":"center","_inline_size_tablet":50},"elements":[{"id":"7e5bf815","settings":{"icon":"fa fa-check","title_text":"This is h5 heading","description_text":"Click edit button to change this text. Lorem ipsum dolor sit amet, consectetur.","position":"left","primary_color":"#0785bf","title_bottom_space":{"unit":"px","size":5},"title_color":"#052a44","title_size":"h5","icon_size":{"unit":"px","size":28},"icon_space":{"unit":"px","size":20},"icon_space_mobile":{"unit":"px","size":15}},"elements":[],"isInner":false,"widgetType":"icon-box","elType":"widget"},{"id":"23fe5f79","settings":{"space":{"unit":"px","size":15},"space_tablet":{"unit":"px","size":10},"space_mobile":{"unit":"px","size":5}},"elements":[],"isInner":false,"widgetType":"spacer","elType":"widget"},{"id":"123af380","settings":{"icon":"fa fa-check","title_text":"This is h5 heading","description_text":"Click edit button to change this text. Lorem ipsum dolor sit amet, consectetur.","position":"left","primary_color":"#0785bf","title_bottom_space":{"unit":"px","size":5},"title_color":"#052a44","title_size":"h5","icon_size":{"unit":"px","size":28},"icon_space":{"unit":"px","size":20},"icon_space_mobile":{"unit":"px","size":15}},"elements":[],"isInner":false,"widgetType":"icon-box","elType":"widget"},{"id":"1fda9fb6","settings":{"space":{"unit":"px","size":15},"space_tablet":{"unit":"px","size":10},"space_mobile":{"unit":"px","size":5}},"elements":[],"isInner":false,"widgetType":"spacer","elType":"widget"},{"id":"76c14c48","settings":{"icon":"fa fa-check","title_text":"This is h5 heading","description_text":"Click edit button to change this text. Lorem ipsum dolor sit amet, consectetur.","position":"left","primary_color":"#0785bf","title_bottom_space":{"unit":"px","size":5},"title_color":"#052a44","title_size":"h5","icon_size":{"unit":"px","size":28},"icon_space":{"unit":"px","size":20},"icon_space_mobile":{"unit":"px","size":15}},"elements":[],"isInner":false,"widgetType":"icon-box","elType":"widget"}],"isInner":true,"elType":"column"},{"id":"6050574c","settings":{"_column_size":50,"_inline_size":null,"background_background":"classic","padding":{"unit":"px","top":"20","right":"20","bottom":"20","left":"20","isLinked":true},"padding_tablet":{"unit":"px","top":"10","right":"10","bottom":"10","left":"10","isLinked":true},"padding_mobile":{"unit":"px","top":"20","right":"10","bottom":"20","left":"10","isLinked":false},"content_position":"center","_inline_size_tablet":50},"elements":[{"id":"6c493a53","settings":{"icon":"fa fa-check","title_text":"This is h5 heading","description_text":"Click edit button to change this text. Lorem ipsum dolor sit amet, consectetur.","position":"left","primary_color":"#0785bf","title_bottom_space":{"unit":"px","size":5},"title_color":"#052a44","title_size":"h5","icon_size":{"unit":"px","size":28},"icon_space":{"unit":"px","size":20},"icon_space_mobile":{"unit":"px","size":15}},"elements":[],"isInner":false,"widgetType":"icon-box","elType":"widget"},{"id":"76ca2006","settings":{"space":{"unit":"px","size":15},"space_tablet":{"unit":"px","size":10},"space_mobile":{"unit":"px","size":5}},"elements":[],"isInner":false,"widgetType":"spacer","elType":"widget"},{"id":"28bae32e","settings":{"icon":"fa fa-check","title_text":"This is h5 heading","description_text":"Click edit button to change this text. Lorem ipsum dolor sit amet, consectetur.","position":"left","primary_color":"#0785bf","title_bottom_space":{"unit":"px","size":5},"title_color":"#052a44","title_size":"h5","icon_size":{"unit":"px","size":28},"icon_space":{"unit":"px","size":20},"icon_space_mobile":{"unit":"px","size":15}},"elements":[],"isInner":false,"widgetType":"icon-box","elType":"widget"},{"id":"67867d8d","settings":{"space":{"unit":"px","size":15},"space_tablet":{"unit":"px","size":10},"space_mobile":{"unit":"px","size":5}},"elements":[],"isInner":false,"widgetType":"spacer","elType":"widget"},{"id":"6b2818a1","settings":{"icon":"fa fa-check","title_text":"This is h5 heading","description_text":"Click edit button to change this text. Lorem ipsum dolor sit amet, consectetur.","position":"left","primary_color":"#0785bf","title_bottom_space":{"unit":"px","size":5},"title_color":"#052a44","title_size":"h5","icon_size":{"unit":"px","size":28},"icon_space":{"unit":"px","size":20},"icon_space_mobile":{"unit":"px","size":15}},"elements":[],"isInner":false,"widgetType":"icon-box","elType":"widget"}],"isInner":true,"elType":"column"}],"isInner":true,"elType":"section"}],"isInner":false,"elType":"column"}],"isInner":false,"elType":"section"},{"id":"1a53f352","settings":{"background_background":"classic","background_color":"#f4f6f7","padding":{"unit":"px","top":"100","right":"50","bottom":"100","left":"50","isLinked":false},"padding_tablet":{"unit":"px","top":"80","right":"30","bottom":"80","left":"30","isLinked":false},"padding_mobile":{"unit":"px","top":"50","right":"10","bottom":"50","left":"10","isLinked":false},"background_color_b":"#0360b2","background_gradient_angle":{"unit":"deg","size":90},"heading_color":"#052a44","color_text":"#616c75","color_link":"#0772b7","color_link_hover":"#0785bf","_title":"LP-CARD-07"},"elements":[{"id":"6abfc87","settings":{"_column_size":100,"_inline_size":null,"padding":{"unit":"px","top":"0","right":"0","bottom":"0","left":"0","isLinked":true},"padding_tablet":{"unit":"px","top":"0","right":"0","bottom":"0","left":"0","isLinked":true}},"elements":[{"id":"51e179b4","settings":{"margin":{"unit":"px","top":"0","right":0,"bottom":"0","left":0,"isLinked":true},"structure":"30"},"elements":[{"id":"5839e696","settings":{"_column_size":33,"_inline_size":null,"background_background":"classic","background_gradient_angle":{"unit":"deg","size":"110"},"border_radius":{"unit":"px","top":"5","right":"5","bottom":"5","left":"5","isLinked":true},"margin":{"unit":"px","top":"10","right":"10","bottom":"10","left":"10","isLinked":true},"margin_tablet":{"unit":"px","top":"0","right":"0","bottom":"0","left":"0","isLinked":true},"margin_mobile":{"unit":"px","top":"10","right":"0","bottom":"10","left":"0","isLinked":false}},"elements":[{"id":"1401f560","settings":{"bg_image":{"url":"","id":""},"title":"Use h4 or h5 heading","description":"Click edit button to change this text. Lorem ipsum dolor sit amet, consectetur.","title_tag":"h4","button":"Clickable Button","graphic_element":"icon","icon":"fa fa-bolt","padding":{"unit":"px","top":"40","right":"40","bottom":"40","left":"40","isLinked":true},"padding_tablet":{"unit":"px","top":"30","right":"30","bottom":"30","left":"30","isLinked":true},"padding_mobile":{"unit":"px","top":"25","right":"25","bottom":"25","left":"25","isLinked":true},"icon_primary_color":"#0785bf","description_spacing":{"unit":"px","size":25},"content_bg_color":"#ffffff","title_color":"#052a44","description_color":"#616c75","button_size":"md","button_text_color":"#ffffff","button_background_color":"#0772b7","button_border_color":"#0772b7","button_hover_text_color":"#ffffff","button_hover_background_color":"#0785bf","button_hover_border_color":"#0785bf","button_border_radius":{"unit":"px","size":35},"transformation":"","effect_duration":{"unit":"px","size":500},"_border_radius":{"unit":"px","top":"5","right":"5","bottom":"5","left":"5","isLinked":true}},"elements":[],"isInner":false,"widgetType":"call-to-action","elType":"widget"}],"isInner":true,"elType":"column"},{"id":"56fa1d54","settings":{"_column_size":33,"_inline_size":null,"background_background":"classic","background_gradient_angle":{"unit":"deg","size":"110"},"border_radius":{"unit":"px","top":"5","right":"5","bottom":"5","left":"5","isLinked":true},"margin":{"unit":"px","top":"10","right":"10","bottom":"10","left":"10","isLinked":true},"margin_tablet":{"unit":"px","top":"0","right":"0","bottom":"0","left":"0","isLinked":true},"margin_mobile":{"unit":"px","top":"10","right":"0","bottom":"10","left":"0","isLinked":false}},"elements":[{"id":"66e151a8","settings":{"bg_image":{"url":"","id":""},"title":"Use h4 or h5 heading","description":"Click edit button to change this text. Lorem ipsum dolor sit amet, consectetur.","title_tag":"h4","button":"Clickable Button","graphic_element":"icon","icon":"fa fa-bolt","padding":{"unit":"px","top":"40","right":"40","bottom":"40","left":"40","isLinked":true},"padding_tablet":{"unit":"px","top":"30","right":"30","bottom":"30","left":"30","isLinked":true},"padding_mobile":{"unit":"px","top":"25","right":"25","bottom":"25","left":"25","isLinked":true},"icon_primary_color":"#0785bf","description_spacing":{"unit":"px","size":25},"content_bg_color":"#ffffff","title_color":"#052a44","description_color":"#616c75","button_size":"md","button_text_color":"#ffffff","button_background_color":"#0772b7","button_border_color":"#0772b7","button_hover_text_color":"#ffffff","button_hover_background_color":"#0785bf","button_hover_border_color":"#0785bf","button_border_radius":{"unit":"px","size":35},"transformation":"","effect_duration":{"unit":"px","size":500},"_border_radius":{"unit":"px","top":"5","right":"5","bottom":"5","left":"5","isLinked":true}},"elements":[],"isInner":false,"widgetType":"call-to-action","elType":"widget"}],"isInner":true,"elType":"column"},{"id":"2a9e93cf","settings":{"_column_size":33,"_inline_size":null,"background_background":"classic","background_gradient_angle":{"unit":"deg","size":"110"},"border_radius":{"unit":"px","top":"5","right":"5","bottom":"5","left":"5","isLinked":true},"margin":{"unit":"px","top":"10","right":"10","bottom":"10","left":"10","isLinked":true},"margin_tablet":{"unit":"px","top":"0","right":"0","bottom":"0","left":"0","isLinked":true},"margin_mobile":{"unit":"px","top":"10","right":"0","bottom":"10","left":"0","isLinked":false}},"elements":[{"id":"1230f9eb","settings":{"bg_image":{"url":"","id":""},"title":"Use h4 or h5 heading","description":"Click edit button to change this text. Lorem ipsum dolor sit amet, consectetur.","title_tag":"h4","button":"Clickable Button","graphic_element":"icon","icon":"fa fa-bolt","padding":{"unit":"px","top":"40","right":"40","bottom":"40","left":"40","isLinked":true},"padding_tablet":{"unit":"px","top":"30","right":"30","bottom":"30","left":"30","isLinked":true},"padding_mobile":{"unit":"px","top":"25","right":"25","bottom":"25","left":"25","isLinked":true},"icon_primary_color":"#0785bf","description_spacing":{"unit":"px","size":25},"content_bg_color":"#ffffff","title_color":"#052a44","description_color":"#616c75","button_size":"md","button_text_color":"#ffffff","button_background_color":"#0772b7","button_border_color":"#0772b7","button_hover_text_color":"#ffffff","button_hover_background_color":"#0785bf","button_hover_border_color":"#0785bf","button_border_radius":{"unit":"px","size":35},"transformation":"","effect_duration":{"unit":"px","size":500},"_border_radius":{"unit":"px","top":"5","right":"5","bottom":"5","left":"5","isLinked":true}},"elements":[],"isInner":false,"widgetType":"call-to-action","elType":"widget"}],"isInner":true,"elType":"column"}],"isInner":true,"elType":"section"}],"isInner":false,"elType":"column"}],"isInner":false,"elType":"section"}]}