{"version":"0.4","title":"LP-PAGE-home-13-img-hero","type":"page","content":[{"id":"58ce9002","settings":{"background_background":"classic","padding":{"unit":"px","top":"200","right":"50","bottom":"200","left":"50","isLinked":false},"padding_tablet":{"unit":"px","top":"150","right":"30","bottom":"150","left":"30","isLinked":false},"padding_mobile":{"unit":"px","top":"120","right":"10","bottom":"120","left":"10","isLinked":false},"background_gradient_angle":{"unit":"deg","size":90},"background_image":{"id":31978,"url":"https:\/\/www.divi01.com\/wp-content\/uploads\/placeholder-1600x900-right.jpg"},"background_position":"center center","background_size":"cover","background_overlay_background":"classic","background_overlay_color":"#0b5d93","background_overlay_opacity":{"unit":"px","size":0.8},"heading_color":"#ffffff","color_text":"rgba(255,255,255,0.85)","color_link":"#18c3dd","color_link_hover":"#0eb1d6","_title":"LP-TITLE-01"},"elements":[{"id":"41038a31","settings":{"_column_size":100,"_inline_size":null,"padding":{"unit":"px","top":"0","right":"0","bottom":"0","left":"0","isLinked":true},"padding_tablet":{"unit":"px","top":"0","right":"0","bottom":"0","left":"0","isLinked":true}},"elements":[{"id":"44fa3edf","settings":{"margin":{"unit":"px","top":"0","right":0,"bottom":"0","left":0,"isLinked":true},"content_width":{"unit":"px","size":900}},"elements":[{"id":"17a1e887","settings":{"_column_size":100,"_inline_size":null,"background_background":"classic","padding":{"unit":"px","top":"20","right":"20","bottom":"20","left":"20","isLinked":true},"padding_tablet":{"unit":"px","top":"10","right":"10","bottom":"10","left":"10","isLinked":true},"padding_mobile":{"unit":"px","top":"20","right":"10","bottom":"20","left":"10","isLinked":false}},"elements":[{"id":"5ee3e955","settings":{"title":"OPTIONAL SUBHEADING","header_size":"p","align":"center","title_color":"#18c3dd","typography_typography":"custom","typography_letter_spacing":{"unit":"px","size":0.5},"typography_letter_spacing_mobile":{"unit":"px","size":0.3}},"elements":[],"isInner":false,"widgetType":"heading","elType":"widget"},{"id":"16b6a457","settings":{"title":"This is an h1 title for the header of your page","header_size":"h1","align":"center"},"elements":[],"isInner":false,"widgetType":"heading","elType":"widget"},{"id":"38136803","settings":{"editor":"<p>Another optional subheading, only use one subheading<\/p>","align":"center","typography_typography":"custom","typography_font_size":{"unit":"em","size":1.3},"typography_line_height":{"unit":"em","size":1.5},"typography_font_size_tablet":{"unit":"em","size":1.3},"typography_font_size_mobile":{"unit":"em","size":1.2}},"elements":[],"isInner":false,"widgetType":"text-editor","elType":"widget"}],"isInner":true,"elType":"column"}],"isInner":true,"elType":"section"}],"isInner":false,"elType":"column"}],"isInner":false,"elType":"section"},{"id":"5aa18297","settings":{"background_background":"classic","background_color":"#f4f6f7","padding":{"unit":"px","top":"100","right":"50","bottom":"100","left":"50","isLinked":false},"padding_tablet":{"unit":"px","top":"80","right":"30","bottom":"80","left":"30","isLinked":false},"padding_mobile":{"unit":"px","top":"50","right":"10","bottom":"50","left":"10","isLinked":false},"background_color_b":"#0360b2","background_gradient_angle":{"unit":"deg","size":90},"heading_color":"#052a44","color_text":"#616c75","color_link":"#0772b7","color_link_hover":"#0785bf","_title":"LP-CARD-07"},"elements":[{"id":"54f449cb","settings":{"_column_size":100,"_inline_size":null,"padding":{"unit":"px","top":"0","right":"0","bottom":"0","left":"0","isLinked":true},"padding_tablet":{"unit":"px","top":"0","right":"0","bottom":"0","left":"0","isLinked":true}},"elements":[{"id":"66deca11","settings":{"margin":{"unit":"px","top":"0","right":0,"bottom":"0","left":0,"isLinked":true},"content_width":{"unit":"px","size":900}},"elements":[{"id":"51e5f5c4","settings":{"_column_size":100,"padding":{"unit":"px","top":"20","right":"20","bottom":"20","left":"20","isLinked":true},"padding_tablet":{"unit":"px","top":"10","right":"10","bottom":"10","left":"10","isLinked":true},"padding_mobile":{"unit":"px","top":"20","right":"10","bottom":"20","left":"10","isLinked":false}},"elements":[{"id":"34ed65a2","settings":{"title":"OPTIONAL SUBHEADING","align":"center","title_color":"#0785bf","header_size":"p","typography_typography":"custom","typography_letter_spacing":{"unit":"px","size":0.5},"typography_letter_spacing_mobile":{"unit":"px","size":0.3}},"elements":[],"isInner":false,"widgetType":"heading","elType":"widget"},{"id":"4feb4ada","settings":{"title":"Use h2 or h3 heading","align":"center"},"elements":[],"isInner":false,"widgetType":"heading","elType":"widget"},{"id":"1d3f7afb","settings":{"editor":"<p>I am text block. Click edit button to change this text. Lorem ipsum dolor sit amet.<\/p>","align":"center"},"elements":[],"isInner":false,"widgetType":"text-editor","elType":"widget"},{"id":"3971bac9","settings":{"space":{"unit":"px","size":30},"space_tablet":{"unit":"px","size":20},"space_mobile":{"unit":"px","size":10}},"elements":[],"isInner":false,"widgetType":"spacer","elType":"widget"}],"isInner":true,"elType":"column"}],"isInner":true,"elType":"section"},{"id":"58702bab","settings":{"margin":{"unit":"px","top":"0","right":0,"bottom":"0","left":0,"isLinked":true},"structure":"30"},"elements":[{"id":"4a75f6e","settings":{"_column_size":33,"_inline_size":null,"background_background":"classic","background_gradient_angle":{"unit":"deg","size":"110"},"border_radius":{"unit":"px","top":"5","right":"5","bottom":"5","left":"5","isLinked":true},"margin":{"unit":"px","top":"10","right":"10","bottom":"10","left":"10","isLinked":true},"margin_tablet":{"unit":"px","top":"0","right":"0","bottom":"0","left":"0","isLinked":true},"margin_mobile":{"unit":"px","top":"10","right":"0","bottom":"10","left":"0","isLinked":false}},"elements":[{"id":"3e1d79a9","settings":{"bg_image":{"url":"","id":""},"title":"Use h4 or h5 heading","description":"Click edit button to change this text. Lorem ipsum dolor sit amet, consectetur.","title_tag":"h4","button":"Clickable Button","graphic_element":"icon","icon":"fa fa-bolt","padding":{"unit":"px","top":"40","right":"40","bottom":"40","left":"40","isLinked":true},"padding_tablet":{"unit":"px","top":"30","right":"30","bottom":"30","left":"30","isLinked":true},"padding_mobile":{"unit":"px","top":"25","right":"25","bottom":"25","left":"25","isLinked":true},"icon_primary_color":"#0785bf","description_spacing":{"unit":"px","size":25},"content_bg_color":"#ffffff","title_color":"#052a44","description_color":"#616c75","button_size":"md","button_text_color":"#ffffff","button_background_color":"#0772b7","button_border_color":"#0772b7","button_hover_text_color":"#ffffff","button_hover_background_color":"#0785bf","button_hover_border_color":"#0785bf","button_border_radius":{"unit":"px","size":35},"transformation":"","effect_duration":{"unit":"px","size":500},"_border_radius":{"unit":"px","top":"5","right":"5","bottom":"5","left":"5","isLinked":true}},"elements":[],"isInner":false,"widgetType":"call-to-action","elType":"widget"}],"isInner":true,"elType":"column"},{"id":"4019aadb","settings":{"_column_size":33,"_inline_size":null,"background_background":"classic","background_gradient_angle":{"unit":"deg","size":"110"},"border_radius":{"unit":"px","top":"5","right":"5","bottom":"5","left":"5","isLinked":true},"margin":{"unit":"px","top":"10","right":"10","bottom":"10","left":"10","isLinked":true},"margin_tablet":{"unit":"px","top":"0","right":"0","bottom":"0","left":"0","isLinked":true},"margin_mobile":{"unit":"px","top":"10","right":"0","bottom":"10","left":"0","isLinked":false}},"elements":[{"id":"11372959","settings":{"bg_image":{"url":"","id":""},"title":"Use h4 or h5 heading","description":"Click edit button to change this text. Lorem ipsum dolor sit amet, consectetur.","title_tag":"h4","button":"Clickable Button","graphic_element":"icon","icon":"fa fa-bolt","padding":{"unit":"px","top":"40","right":"40","bottom":"40","left":"40","isLinked":true},"padding_tablet":{"unit":"px","top":"30","right":"30","bottom":"30","left":"30","isLinked":true},"padding_mobile":{"unit":"px","top":"25","right":"25","bottom":"25","left":"25","isLinked":true},"icon_primary_color":"#0785bf","description_spacing":{"unit":"px","size":25},"content_bg_color":"#ffffff","title_color":"#052a44","description_color":"#616c75","button_size":"md","button_text_color":"#ffffff","button_background_color":"#0772b7","button_border_color":"#0772b7","button_hover_text_color":"#ffffff","button_hover_background_color":"#0785bf","button_hover_border_color":"#0785bf","button_border_radius":{"unit":"px","size":35},"transformation":"","effect_duration":{"unit":"px","size":500},"_border_radius":{"unit":"px","top":"5","right":"5","bottom":"5","left":"5","isLinked":true}},"elements":[],"isInner":false,"widgetType":"call-to-action","elType":"widget"}],"isInner":true,"elType":"column"},{"id":"73d345bf","settings":{"_column_size":33,"_inline_size":null,"background_background":"classic","background_gradient_angle":{"unit":"deg","size":"110"},"border_radius":{"unit":"px","top":"5","right":"5","bottom":"5","left":"5","isLinked":true},"margin":{"unit":"px","top":"10","right":"10","bottom":"10","left":"10","isLinked":true},"margin_tablet":{"unit":"px","top":"0","right":"0","bottom":"0","left":"0","isLinked":true},"margin_mobile":{"unit":"px","top":"10","right":"0","bottom":"10","left":"0","isLinked":false}},"elements":[{"id":"714eea1f","settings":{"bg_image":{"url":"","id":""},"title":"Use h4 or h5 heading","description":"Click edit button to change this text. Lorem ipsum dolor sit amet, consectetur.","title_tag":"h4","button":"Clickable Button","graphic_element":"icon","icon":"fa fa-bolt","padding":{"unit":"px","top":"40","right":"40","bottom":"40","left":"40","isLinked":true},"padding_tablet":{"unit":"px","top":"30","right":"30","bottom":"30","left":"30","isLinked":true},"padding_mobile":{"unit":"px","top":"25","right":"25","bottom":"25","left":"25","isLinked":true},"icon_primary_color":"#0785bf","description_spacing":{"unit":"px","size":25},"content_bg_color":"#ffffff","title_color":"#052a44","description_color":"#616c75","button_size":"md","button_text_color":"#ffffff","button_background_color":"#0772b7","button_border_color":"#0772b7","button_hover_text_color":"#ffffff","button_hover_background_color":"#0785bf","button_hover_border_color":"#0785bf","button_border_radius":{"unit":"px","size":35},"transformation":"","effect_duration":{"unit":"px","size":500},"_border_radius":{"unit":"px","top":"5","right":"5","bottom":"5","left":"5","isLinked":true}},"elements":[],"isInner":false,"widgetType":"call-to-action","elType":"widget"}],"isInner":true,"elType":"column"}],"isInner":true,"elType":"section"}],"isInner":false,"elType":"column"}],"isInner":false,"elType":"section"},{"id":"291292e","settings":{"background_background":"classic","background_color":"#ffffff","padding":{"unit":"px","top":"100","right":"50","bottom":"100","left":"50","isLinked":false},"padding_tablet":{"unit":"px","top":"80","right":"30","bottom":"80","left":"30","isLinked":false},"padding_mobile":{"unit":"px","top":"50","right":"10","bottom":"50","left":"10","isLinked":false},"background_gradient_angle":{"unit":"deg","size":90},"content_width":{"unit":"px","size":1000},"heading_color":"#052a44","color_text":"#616c75","color_link":"#0772b7","color_link_hover":"#0785bf","_title":"LP-TEAM-13"},"elements":[{"id":"25675cff","settings":{"_column_size":100,"_inline_size":null,"padding":{"unit":"px","top":"0","right":"0","bottom":"0","left":"0","isLinked":true},"padding_tablet":{"unit":"px","top":"0","right":"0","bottom":"0","left":"0","isLinked":true}},"elements":[{"id":"1fcfca09","settings":{"content_width":{"unit":"px","size":900},"margin":{"unit":"px","top":"0","right":0,"bottom":"0","left":0,"isLinked":true}},"elements":[{"id":"6d9925c2","settings":{"_column_size":100,"_inline_size":null,"padding":{"unit":"px","top":"20","right":"20","bottom":"20","left":"20","isLinked":true},"padding_tablet":{"unit":"px","top":"10","right":"10","bottom":"10","left":"10","isLinked":true},"padding_mobile":{"unit":"px","top":"20","right":"10","bottom":"20","left":"10","isLinked":false}},"elements":[{"id":"33434fc5","settings":{"title":"OPTIONAL SUBHEADING","align":"center","title_color":"#0785bf","header_size":"p","typography_typography":"custom","typography_letter_spacing":{"unit":"px","size":0.5},"typography_letter_spacing_mobile":{"unit":"px","size":0.3}},"elements":[],"isInner":false,"widgetType":"heading","elType":"widget"},{"id":"fd036d0","settings":{"title":"Use h2 or h3 heading","align":"center"},"elements":[],"isInner":false,"widgetType":"heading","elType":"widget"},{"id":"2db4eeee","settings":{"editor":"<p>I am text block. Click edit button to change this text.<\/p>","align":"center"},"elements":[],"isInner":false,"widgetType":"text-editor","elType":"widget"},{"id":"44133823","settings":{"space":{"unit":"px","size":30},"space_tablet":{"unit":"px","size":20},"space_mobile":{"unit":"px","size":10}},"elements":[],"isInner":false,"widgetType":"spacer","elType":"widget"}],"isInner":true,"elType":"column"}],"isInner":true,"elType":"section"},{"id":"38d11810","settings":{"structure":"21","margin":{"unit":"px","top":"0","right":0,"bottom":"0","left":0,"isLinked":true},"margin_tablet":{"unit":"px","top":"","right":0,"bottom":"","left":0,"isLinked":true},"margin_mobile":{"unit":"px","top":"","right":0,"bottom":"","left":0,"isLinked":true}},"elements":[{"id":"5d2034d9","settings":{"_column_size":33,"_inline_size":30,"background_background":"classic","background_gradient_angle":{"unit":"deg","size":"110"},"border_radius":{"unit":"px","top":"5","right":"5","bottom":"5","left":"5","isLinked":true},"margin":{"unit":"px","top":"0","right":"0","bottom":"0","left":"0","isLinked":true},"padding":{"unit":"px","top":"20","right":"20","bottom":"20","left":"20","isLinked":true},"padding_tablet":{"unit":"px","top":"10","right":"10","bottom":"10","left":"10","isLinked":true},"padding_mobile":{"unit":"px","top":"0","right":"0","bottom":"0","left":"0","isLinked":true},"border_width":{"unit":"px","top":"0","right":"0","bottom":"0","left":"0","isLinked":true},"margin_tablet":{"unit":"px","top":"0","right":"0","bottom":"0","left":"0","isLinked":true},"margin_mobile":{"unit":"px","top":"20","right":"10","bottom":"20","left":"10","isLinked":false},"_inline_size_tablet":40},"elements":[{"id":"70e9dd98","settings":{"image":{"url":"https:\/\/www.divi01.com\/wp-content\/uploads\/placeholder-300x300.jpg","id":31960},"image_size":"medium","image_border_radius":{"unit":"%","top":"50","right":"50","bottom":"50","left":"50","isLinked":true},"image_box_shadow_box_shadow_type":"yes","image_box_shadow_box_shadow":{"horizontal":0,"vertical":0,"blur":10,"spread":0,"color":"rgba(0,0,0,0.25)"}},"elements":[],"isInner":false,"widgetType":"image","elType":"widget"}],"isInner":true,"elType":"column"},{"id":"676faf75","settings":{"_column_size":66,"_inline_size":69.666,"background_background":"classic","background_gradient_angle":{"unit":"deg","size":"110"},"border_radius":{"unit":"px","top":"5","right":"5","bottom":"5","left":"5","isLinked":true},"margin":{"unit":"px","top":"10","right":"10","bottom":"10","left":"10","isLinked":true},"padding":{"unit":"px","top":"20","right":"20","bottom":"20","left":"20","isLinked":true},"padding_tablet":{"unit":"px","top":"10","right":"10","bottom":"10","left":"10","isLinked":true},"padding_mobile":{"unit":"px","top":"0","right":"10","bottom":"20","left":"10","isLinked":false},"border_width":{"unit":"px","top":"0","right":"0","bottom":"0","left":"0","isLinked":true},"margin_tablet":{"unit":"px","top":"10","right":"10","bottom":"10","left":"10","isLinked":true},"margin_mobile":{"unit":"px","top":"0","right":"0","bottom":"0","left":"0","isLinked":true},"_inline_size_tablet":60},"elements":[{"id":"71b2acce","settings":{"title":"Emma","header_size":"h5"},"elements":[],"isInner":false,"widgetType":"heading","elType":"widget"},{"id":"4fcdc6ee","settings":{"title":"Co-Founder","header_size":"p","typography_typography":"custom","typography_font_style":"italic","_margin":{"unit":"px","top":"-10","right":"0","bottom":"0","left":"0","isLinked":false}},"elements":[],"isInner":false,"widgetType":"heading","elType":"widget"},{"id":"73d6d930","settings":{"editor":"<p>The recommended photo size here is 300 x 300 pixels. Square photos will automatically appear as circles. I am text block. Click edit button to change this text.<\/p>"},"elements":[],"isInner":false,"widgetType":"text-editor","elType":"widget"},{"id":"29c614d1","settings":{"social_icon_list":[{"social":"fa fa-facebook","_id":"4zcj08t","link":{"url":"","is_external":"true","nofollow":""}},{"social":"fa fa-linkedin","_id":"oa1fy9u","link":{"url":"","is_external":"true","nofollow":""}},{"social":"fa fa-instagram","link":{"is_external":"true"},"_id":"r90yja2"}],"shape":"circle","icon_color":"custom","icon_primary_color":"#0772b7","icon_size":{"unit":"px","size":15},"icon_secondary_color":"#ffffff","hover_primary_color":"#0785bf","hover_secondary_color":"#ffffff","align":"left"},"elements":[],"isInner":false,"widgetType":"social-icons","elType":"widget"}],"isInner":true,"elType":"column"}],"isInner":true,"elType":"section"},{"id":"6dbe7db2","settings":{"margin":{"unit":"px","top":"0","right":0,"bottom":"0","left":0,"isLinked":true},"margin_tablet":{"unit":"px","top":"0","right":0,"bottom":"0","left":0,"isLinked":true},"margin_mobile":{"unit":"px","top":"0","right":0,"bottom":"0","left":0,"isLinked":true},"padding_tablet":{"unit":"px","top":"0","right":"0","bottom":"0","left":"0","isLinked":true},"padding_mobile":{"unit":"px","top":"0","right":"0","bottom":"0","left":"0","isLinked":true}},"elements":[{"id":"403e3f77","settings":{"_column_size":100,"_inline_size":null,"background_background":"classic","padding":{"unit":"px","top":"0","right":"0","bottom":"0","left":"0","isLinked":true},"padding_tablet":{"unit":"px","top":"0","right":"0","bottom":"0","left":"0","isLinked":true},"padding_mobile":{"unit":"px","top":"0","right":"0","bottom":"0","left":"0","isLinked":true},"margin":{"unit":"px","top":"0","right":"0","bottom":"0","left":"0","isLinked":true},"margin_tablet":{"unit":"px","top":"0","right":"0","bottom":"0","left":"0","isLinked":true},"margin_mobile":{"unit":"px","top":"0","right":"0","bottom":"0","left":"0","isLinked":true}},"elements":[{"id":"6ac99f03","settings":{"space":{"unit":"px","size":30},"space_tablet":{"unit":"px","size":30},"space_mobile":{"unit":"px","size":30}},"elements":[],"isInner":false,"widgetType":"spacer","elType":"widget"}],"isInner":true,"elType":"column"}],"isInner":true,"elType":"section"},{"id":"5593addc","settings":{"structure":"21","margin":{"unit":"px","top":"0","right":0,"bottom":"0","left":0,"isLinked":true},"margin_tablet":{"unit":"px","top":"","right":0,"bottom":"","left":0,"isLinked":true},"margin_mobile":{"unit":"px","top":"","right":0,"bottom":"","left":0,"isLinked":true}},"elements":[{"id":"5d7dba72","settings":{"_column_size":33,"_inline_size":30,"background_background":"classic","background_gradient_angle":{"unit":"deg","size":"110"},"border_radius":{"unit":"px","top":"5","right":"5","bottom":"5","left":"5","isLinked":true},"margin":{"unit":"px","top":"0","right":"0","bottom":"0","left":"0","isLinked":true},"padding":{"unit":"px","top":"20","right":"20","bottom":"20","left":"20","isLinked":true},"padding_tablet":{"unit":"px","top":"10","right":"10","bottom":"10","left":"10","isLinked":true},"padding_mobile":{"unit":"px","top":"0","right":"0","bottom":"0","left":"0","isLinked":true},"border_width":{"unit":"px","top":"0","right":"0","bottom":"0","left":"0","isLinked":true},"margin_tablet":{"unit":"px","top":"0","right":"0","bottom":"0","left":"0","isLinked":true},"margin_mobile":{"unit":"px","top":"20","right":"10","bottom":"20","left":"10","isLinked":false},"_inline_size_tablet":40},"elements":[{"id":"3ab4e9dd","settings":{"image":{"url":"https:\/\/www.divi01.com\/wp-content\/uploads\/placeholder-300x300.jpg","id":31960},"image_size":"medium","image_border_radius":{"unit":"%","top":"50","right":"50","bottom":"50","left":"50","isLinked":true},"image_box_shadow_box_shadow_type":"yes","image_box_shadow_box_shadow":{"horizontal":0,"vertical":0,"blur":10,"spread":0,"color":"rgba(0,0,0,0.25)"}},"elements":[],"isInner":false,"widgetType":"image","elType":"widget"}],"isInner":true,"elType":"column"},{"id":"11423f0f","settings":{"_column_size":66,"_inline_size":69.666,"background_background":"classic","background_gradient_angle":{"unit":"deg","size":"110"},"border_radius":{"unit":"px","top":"5","right":"5","bottom":"5","left":"5","isLinked":true},"margin":{"unit":"px","top":"10","right":"10","bottom":"10","left":"10","isLinked":true},"padding":{"unit":"px","top":"20","right":"20","bottom":"20","left":"20","isLinked":true},"padding_tablet":{"unit":"px","top":"10","right":"10","bottom":"10","left":"10","isLinked":true},"padding_mobile":{"unit":"px","top":"0","right":"10","bottom":"20","left":"10","isLinked":false},"border_width":{"unit":"px","top":"0","right":"0","bottom":"0","left":"0","isLinked":true},"margin_tablet":{"unit":"px","top":"10","right":"10","bottom":"10","left":"10","isLinked":true},"margin_mobile":{"unit":"px","top":"0","right":"0","bottom":"0","left":"0","isLinked":true},"_inline_size_tablet":60},"elements":[{"id":"2730387b","settings":{"title":"Emma","header_size":"h5"},"elements":[],"isInner":false,"widgetType":"heading","elType":"widget"},{"id":"c9adfa1","settings":{"title":"Co-Founder","header_size":"p","typography_typography":"custom","typography_font_style":"italic","_margin":{"unit":"px","top":"-10","right":"0","bottom":"0","left":"0","isLinked":false}},"elements":[],"isInner":false,"widgetType":"heading","elType":"widget"},{"id":"445c8483","settings":{"editor":"<p>The recommended photo size here is 300 x 300 pixels. Square photos will automatically appear as circles. I am text block. Click edit button to change this text.<\/p>"},"elements":[],"isInner":false,"widgetType":"text-editor","elType":"widget"},{"id":"654db224","settings":{"social_icon_list":[{"social":"fa fa-facebook","_id":"4zcj08t","link":{"url":"","is_external":"true","nofollow":""}},{"social":"fa fa-linkedin","_id":"oa1fy9u","link":{"url":"","is_external":"true","nofollow":""}},{"social":"fa fa-instagram","link":{"is_external":"true"},"_id":"r90yja2"}],"shape":"circle","icon_color":"custom","icon_primary_color":"#0772b7","icon_size":{"unit":"px","size":15},"icon_secondary_color":"#ffffff","hover_primary_color":"#0785bf","hover_secondary_color":"#ffffff","align":"left"},"elements":[],"isInner":false,"widgetType":"social-icons","elType":"widget"}],"isInner":true,"elType":"column"}],"isInner":true,"elType":"section"}],"isInner":false,"elType":"column"}],"isInner":false,"elType":"section"},{"id":"633fdbf8","settings":{"background_background":"gradient","background_color":"#0785bf","padding":{"unit":"px","top":"100","right":"50","bottom":"100","left":"50","isLinked":false},"padding_tablet":{"unit":"px","top":"80","right":"30","bottom":"80","left":"30","isLinked":false},"padding_mobile":{"unit":"px","top":"50","right":"10","bottom":"50","left":"10","isLinked":false},"background_color_b":"#0360b2","background_gradient_angle":{"unit":"deg","size":90},"heading_color":"#ffffff","color_text":"rgba(255,255,255,0.85)","color_link":"#18c3dd","color_link_hover":"#0eb1d6","_title":"LP-CARD-19"},"elements":[{"id":"320f0465","settings":{"_column_size":100,"_inline_size":null,"padding":{"unit":"px","top":"0","right":"0","bottom":"0","left":"0","isLinked":true},"padding_tablet":{"unit":"px","top":"0","right":"0","bottom":"0","left":"0","isLinked":true}},"elements":[{"id":"6755a9c9","settings":{"margin":{"unit":"px","top":"0","right":0,"bottom":"0","left":0,"isLinked":true},"content_width":{"unit":"px","size":900}},"elements":[{"id":"311ad870","settings":{"_column_size":100,"padding":{"unit":"px","top":"20","right":"20","bottom":"20","left":"20","isLinked":true},"padding_tablet":{"unit":"px","top":"10","right":"10","bottom":"10","left":"10","isLinked":true},"padding_mobile":{"unit":"px","top":"20","right":"10","bottom":"20","left":"10","isLinked":false}},"elements":[{"id":"4966f39c","settings":{"title":"OPTIONAL SUBHEADING","align":"center","title_color":"#18c3dd","header_size":"p","typography_typography":"custom","typography_letter_spacing":{"unit":"px","size":0.5},"typography_letter_spacing_mobile":{"unit":"px","size":0.3}},"elements":[],"isInner":false,"widgetType":"heading","elType":"widget"},{"id":"7dd788ab","settings":{"title":"Use h2 or h3 heading","align":"center"},"elements":[],"isInner":false,"widgetType":"heading","elType":"widget"},{"id":"578572f9","settings":{"editor":"<p>I am text block. Click edit button to change this text. Lorem ipsum dolor sit amet.<\/p>","align":"center"},"elements":[],"isInner":false,"widgetType":"text-editor","elType":"widget"},{"id":"24087633","settings":{"space":{"unit":"px","size":30},"space_tablet":{"unit":"px","size":20},"space_mobile":{"unit":"px","size":10}},"elements":[],"isInner":false,"widgetType":"spacer","elType":"widget"}],"isInner":true,"elType":"column"}],"isInner":true,"elType":"section"},{"id":"6617ee2b","settings":{"margin":{"unit":"px","top":"0","right":0,"bottom":"0","left":0,"isLinked":true},"content_width":{"unit":"px","size":1000},"structure":"20"},"elements":[{"id":"752e1093","settings":{"_column_size":50,"_inline_size":null,"background_background":"classic","background_gradient_angle":{"unit":"deg","size":"110"},"border_radius":{"unit":"px","top":"5","right":"5","bottom":"5","left":"5","isLinked":true},"margin":{"unit":"px","top":"10","right":"10","bottom":"10","left":"10","isLinked":true},"margin_tablet":{"unit":"px","top":"0","right":"0","bottom":"0","left":"0","isLinked":true},"margin_mobile":{"unit":"px","top":"10","right":"0","bottom":"10","left":"0","isLinked":false}},"elements":[{"id":"51bd6521","settings":{"bg_image":{"url":"https:\/\/www.divi01.com\/wp-content\/uploads\/placeholder-700x450.jpg","id":31963},"graphic_element":"","icon":"","title":"Use h4 or h5 heading","description":"The recommended photo width here is 500 pixels.\u00a0I am text block. Click edit button to change this text.","title_tag":"h4","button":"Clickable Button","alignment":"left","padding":{"unit":"px","top":"40","right":"40","bottom":"40","left":"40","isLinked":true},"padding_tablet":{"unit":"px","top":"30","right":"30","bottom":"30","left":"30","isLinked":true},"padding_mobile":{"unit":"px","top":"25","right":"25","bottom":"25","left":"25","isLinked":true},"image_min_height":{"unit":"px","size":275},"image_min_height_tablet":{"unit":"px","size":200},"image_min_height_mobile":{"unit":"px","size":200},"icon_primary_color":"#0785bf","description_spacing":{"unit":"px","size":25},"content_bg_color":"#ffffff","title_color":"#052a44","description_color":"#616c75","button_size":"md","button_text_color":"#ffffff","button_background_color":"#0772b7","button_border_color":"#0772b7","button_hover_text_color":"#ffffff","button_hover_background_color":"#0785bf","button_hover_border_color":"#0785bf","button_border_radius":{"unit":"px","size":35},"effect_duration":{"unit":"px","size":500},"_border_radius":{"unit":"px","top":"5","right":"5","bottom":"5","left":"5","isLinked":true},"link_click":"box","ribbon_horizontal_position":"right","ribbon_bg_color":"#0772b7","ribbon_text_color":"#ffffff","bg_image_size":"medium_large"},"elements":[],"isInner":false,"widgetType":"call-to-action","elType":"widget"}],"isInner":true,"elType":"column"},{"id":"718d2f2a","settings":{"_column_size":50,"_inline_size":null,"background_background":"classic","background_gradient_angle":{"unit":"deg","size":"110"},"border_radius":{"unit":"px","top":"5","right":"5","bottom":"5","left":"5","isLinked":true},"margin":{"unit":"px","top":"10","right":"10","bottom":"10","left":"10","isLinked":true},"margin_tablet":{"unit":"px","top":"0","right":"0","bottom":"0","left":"0","isLinked":true},"margin_mobile":{"unit":"px","top":"10","right":"0","bottom":"10","left":"0","isLinked":false}},"elements":[{"id":"54eecf8c","settings":{"bg_image":{"url":"https:\/\/www.divi01.com\/wp-content\/uploads\/placeholder-700x450.jpg","id":31963},"graphic_element":"","icon":"","title":"Use h4 or h5 heading","description":"The recommended photo width here is 500 pixels.\u00a0I am text block. Click edit button to change this text.","title_tag":"h4","button":"Clickable Button","alignment":"left","padding":{"unit":"px","top":"40","right":"40","bottom":"40","left":"40","isLinked":true},"padding_tablet":{"unit":"px","top":"30","right":"30","bottom":"30","left":"30","isLinked":true},"padding_mobile":{"unit":"px","top":"25","right":"25","bottom":"25","left":"25","isLinked":true},"image_min_height":{"unit":"px","size":275},"image_min_height_tablet":{"unit":"px","size":200},"image_min_height_mobile":{"unit":"px","size":200},"icon_primary_color":"#0785bf","description_spacing":{"unit":"px","size":25},"content_bg_color":"#ffffff","title_color":"#052a44","description_color":"#616c75","button_size":"md","button_text_color":"#ffffff","button_background_color":"#0772b7","button_border_color":"#0772b7","button_hover_text_color":"#ffffff","button_hover_background_color":"#0785bf","button_hover_border_color":"#0785bf","button_border_radius":{"unit":"px","size":35},"effect_duration":{"unit":"px","size":500},"_border_radius":{"unit":"px","top":"5","right":"5","bottom":"5","left":"5","isLinked":true},"link_click":"box","ribbon_horizontal_position":"right","ribbon_bg_color":"#0772b7","ribbon_text_color":"#ffffff","bg_image_size":"medium_large"},"elements":[],"isInner":false,"widgetType":"call-to-action","elType":"widget"}],"isInner":true,"elType":"column"}],"isInner":true,"elType":"section"}],"isInner":false,"elType":"column"}],"isInner":false,"elType":"section"}]}