{"version":"0.4","title":"LP-PAGE-mailchimp-10-dark-hero","type":"page","content":[{"id":"4f31b9c5","settings":{"background_background":"gradient","padding":{"unit":"px","top":"100","right":"50","bottom":"0","left":"50","isLinked":false},"padding_tablet":{"unit":"px","top":"80","right":"30","bottom":"0","left":"30","isLinked":false},"padding_mobile":{"unit":"px","top":"50","right":"10","bottom":"0","left":"10","isLinked":false},"background_gradient_angle":{"unit":"deg","size":90},"background_color":"#0785bf","background_color_b":"#0360b2","heading_color":"#ffffff","color_text":"rgba(255,255,255,0.85)","color_link":"#18c3dd","color_link_hover":"#0eb1d6","_title":"LP-CTA-MAILCHIMP-31"},"elements":[{"id":"7bf49a07","settings":{"_column_size":100,"_inline_size":null,"padding":{"unit":"px","top":"0","right":"0","bottom":"0","left":"0","isLinked":true},"padding_tablet":{"unit":"px","top":"0","right":"0","bottom":"0","left":"0","isLinked":true}},"elements":[{"id":"3c4046b8","settings":{"margin":{"unit":"px","top":"0","right":0,"bottom":"0","left":0,"isLinked":true},"structure":"20"},"elements":[{"id":"68f36ca","settings":{"_column_size":50,"_inline_size":null,"background_background":"classic","padding":{"unit":"px","top":"20","right":"40","bottom":"100","left":"20","isLinked":false},"padding_tablet":{"unit":"px","top":"10","right":"20","bottom":"80","left":"10","isLinked":false},"padding_mobile":{"unit":"px","top":"20","right":"10","bottom":"20","left":"10","isLinked":false},"content_position":"center","_inline_size_tablet":60},"elements":[{"id":"56eae67c","settings":{"title":"OPTIONAL SUBHEADING","title_color":"#18c3dd","header_size":"p","typography_typography":"custom","typography_letter_spacing":{"unit":"px","size":0.5},"typography_letter_spacing_mobile":{"unit":"px","size":0.3}},"elements":[],"isInner":false,"widgetType":"heading","elType":"widget"},{"id":"6a4091a9","settings":{"title":"This is an h1 title for the header","header_size":"h1"},"elements":[],"isInner":false,"widgetType":"heading","elType":"widget"},{"id":"245e22ab","settings":{"editor":"<p>I am text block. Click edit button to change this text. Lorem ipsum dolor sit amet, consectetur adipiscing elit. Ut elit tellus, luctus nec ullamcorper mattis, pulvinar.<\/p>"},"elements":[],"isInner":false,"widgetType":"text-editor","elType":"widget"},{"id":"3321f742","settings":{"form_name":"New Form","form_fields":[{"_id":"email","field_type":"email","required":"true","field_label":"Email","placeholder":"Enter your email","width":"80","field_value":"","field_options":"","inline_list":"","width_tablet":"100","width_mobile":"","rows":4,"recaptcha_size":"normal","recaptcha_style":"light","css_classes":"","file_sizes":"","file_types":"","allow_multiple_upload":"","max_files":"","acceptance_text":"","checked_by_default":"","field_min":"","field_max":"","min_date":"","max_date":"","use_native_date":"","use_native_time":"","allow_multiple":"","select_size":"","field_html":""}],"input_size":"lg","show_labels":"","button_text":"Send Me Updates","button_size":"lg","button_width":"","submit_actions":["mailchimp"],"email_content":"[all-fields]","email_content_2":"[all-fields]","custom_messages":"yes","success_message":"Success!","error_message":"There's something wrong... Please fill in the required fields.","required_field_message":"Required","invalid_message":"There's something wrong... The form is invalid.","label_color":"#ffffff","button_text_color":"#ffffff","button_background_color":"#18c3dd","button_border_radius":{"unit":"px","top":"35","right":"35","bottom":"35","left":"35","isLinked":true},"button_hover_color":"#ffffff","button_background_hover_color":"#0eb1d6","button_align_mobile":"stretch","subscriber_already_exists_message":"Subscriber already exist.","label_typography_typography":"custom","label_typography_font_weight":"bold","field_typography_typography":"custom","button_align":"start","field_border_color":"rgba(7,133,191,0.25)","field_border_radius":{"unit":"px","top":"5","right":"5","bottom":"5","left":"5","isLinked":true},"success_message_color":"#ffffff","error_message_color":"#ffffff","inline_message_color":"#ffffff"},"elements":[],"isInner":false,"widgetType":"form","elType":"widget"}],"isInner":true,"elType":"column"},{"id":"3d6524f0","settings":{"_column_size":50,"_inline_size":null,"background_background":"classic","padding":{"unit":"px","top":"20","right":"20","bottom":"0","left":"20","isLinked":false},"padding_tablet":{"unit":"px","top":"10","right":"10","bottom":"0","left":"10","isLinked":false},"padding_mobile":{"unit":"px","top":"20","right":"10","bottom":"0","left":"10","isLinked":false},"content_position":"bottom","_inline_size_tablet":40},"elements":[{"id":"2adc1b76","settings":{"image_border_radius":{"unit":"px","top":"5","right":"5","bottom":"0","left":"0","isLinked":false},"image_box_shadow_box_shadow":{"horizontal":0,"vertical":0,"blur":10,"spread":0,"inset":"","color":"rgba(0,0,0,0.5)"},"link":{"is_external":false,"url":""},"image":{"url":"https:\/\/www.divi01.com\/wp-content\/uploads\/placeholder-500x600.jpg","id":31987},"image_size":"medium_large","space_mobile":{"unit":"%","size":75}},"elements":[],"isInner":false,"widgetType":"image","elType":"widget"}],"isInner":true,"elType":"column"}],"isInner":true,"elType":"section"}],"isInner":false,"elType":"column"}],"isInner":false,"elType":"section"},{"id":"6099b5d5","settings":{"background_background":"classic","background_color":"#f4f6f7","padding":{"unit":"px","top":"100","right":"50","bottom":"100","left":"50","isLinked":false},"padding_tablet":{"unit":"px","top":"80","right":"30","bottom":"80","left":"30","isLinked":false},"padding_mobile":{"unit":"px","top":"50","right":"10","bottom":"50","left":"10","isLinked":false},"background_gradient_angle":{"unit":"deg","size":90},"heading_color":"#052a44","color_text":"#616c75","color_link":"#0772b7","color_link_hover":"#0785bf","_title":"LP-TESTIMONIAL-19"},"elements":[{"id":"567a5b07","settings":{"_column_size":100,"_inline_size":null,"padding":{"unit":"px","top":"0","right":"0","bottom":"0","left":"0","isLinked":true},"padding_tablet":{"unit":"px","top":"0","right":"0","bottom":"0","left":"0","isLinked":true},"margin":{"unit":"px","top":"0","right":"0","bottom":"0","left":"0","isLinked":true},"margin_tablet":{"unit":"px","top":"0","right":"0","bottom":"0","left":"0","isLinked":true},"margin_mobile":{"unit":"px","top":"0","right":"0","bottom":"0","left":"0","isLinked":true},"padding_mobile":{"unit":"px","top":"0","right":"0","bottom":"0","left":"0","isLinked":true}},"elements":[{"id":"69772788","settings":{"structure":"30","margin":{"unit":"px","top":"0","right":0,"bottom":"0","left":0,"isLinked":true}},"elements":[{"id":"745772ab","settings":{"_column_size":33,"_inline_size":null,"background_background":"classic","background_gradient_angle":{"unit":"deg","size":"110"},"border_radius":{"unit":"px","top":"5","right":"5","bottom":"5","left":"5","isLinked":true},"padding":{"unit":"px","top":"30","right":"40","bottom":"30","left":"40","isLinked":false},"padding_tablet":{"unit":"px","top":"20","right":"20","bottom":"20","left":"20","isLinked":true},"padding_mobile":{"unit":"px","top":"20","right":"10","bottom":"20","left":"10","isLinked":false}},"elements":[{"id":"51b8f09","settings":{"testimonial_content":"\"The recommended photo size here is 75 x 75 pixels. Square photos will automatically appear as circles. Click edit button to change this text and add a testimonial.\"","testimonial_image":{"url":"https:\/\/www.divi01.com\/wp-content\/uploads\/placeholder-300x300.jpg","id":31960},"testimonial_name":"Emma","testimonial_job":"Designer","name_text_color":"#052a44","job_text_color":"#052a44","testimonial_alignment":"left","image_size":{"unit":"px","size":75},"content_typography_typography":"custom","content_typography_line_height":{"unit":"em","size":1.6},"content_typography_font_size":{"unit":"em","size":1},"testimonial_image_size":"thumbnail"},"elements":[],"isInner":false,"widgetType":"testimonial","elType":"widget"}],"isInner":true,"elType":"column"},{"id":"45f6d03d","settings":{"_column_size":33,"_inline_size":null,"background_background":"classic","background_gradient_angle":{"unit":"deg","size":"110"},"border_radius":{"unit":"px","top":"5","right":"5","bottom":"5","left":"5","isLinked":true},"padding":{"unit":"px","top":"30","right":"40","bottom":"30","left":"40","isLinked":false},"padding_tablet":{"unit":"px","top":"20","right":"20","bottom":"20","left":"20","isLinked":true},"padding_mobile":{"unit":"px","top":"20","right":"10","bottom":"20","left":"10","isLinked":false}},"elements":[{"id":"234e7848","settings":{"testimonial_content":"\"The recommended photo size here is 75 x 75 pixels. Square photos will automatically appear as circles. Click edit button to change this text and add a testimonial.\"","testimonial_image":{"url":"https:\/\/www.divi01.com\/wp-content\/uploads\/placeholder-300x300.jpg","id":31960},"testimonial_name":"Emma","testimonial_job":"Designer","name_text_color":"#052a44","job_text_color":"#052a44","testimonial_alignment":"left","image_size":{"unit":"px","size":75},"content_typography_typography":"custom","content_typography_line_height":{"unit":"em","size":1.6},"content_typography_font_size":{"unit":"em","size":1},"testimonial_image_size":"thumbnail"},"elements":[],"isInner":false,"widgetType":"testimonial","elType":"widget"}],"isInner":true,"elType":"column"},{"id":"4d0d3a58","settings":{"_column_size":33,"_inline_size":null,"background_background":"classic","background_gradient_angle":{"unit":"deg","size":"110"},"border_radius":{"unit":"px","top":"5","right":"5","bottom":"5","left":"5","isLinked":true},"padding":{"unit":"px","top":"30","right":"40","bottom":"30","left":"40","isLinked":false},"padding_tablet":{"unit":"px","top":"20","right":"20","bottom":"20","left":"20","isLinked":true},"padding_mobile":{"unit":"px","top":"20","right":"10","bottom":"20","left":"10","isLinked":false}},"elements":[{"id":"57a93845","settings":{"testimonial_content":"\"The recommended photo size here is 75 x 75 pixels. Square photos will automatically appear as circles. Click edit button to change this text and add a testimonial.\"","testimonial_image":{"url":"https:\/\/www.divi01.com\/wp-content\/uploads\/placeholder-300x300.jpg","id":31960},"testimonial_name":"Emma","testimonial_job":"Designer","name_text_color":"#052a44","job_text_color":"#052a44","testimonial_alignment":"left","image_size":{"unit":"px","size":75},"content_typography_typography":"custom","content_typography_line_height":{"unit":"em","size":1.6},"content_typography_font_size":{"unit":"em","size":1},"testimonial_image_size":"thumbnail"},"elements":[],"isInner":false,"widgetType":"testimonial","elType":"widget"}],"isInner":true,"elType":"column"}],"isInner":true,"elType":"section"}],"isInner":false,"elType":"column"}],"isInner":false,"elType":"section"},{"id":"54b3cd8c","settings":{"background_background":"classic","background_color":"#ffffff","padding":{"unit":"px","top":"100","right":"50","bottom":"100","left":"50","isLinked":false},"padding_tablet":{"unit":"px","top":"80","right":"30","bottom":"80","left":"30","isLinked":false},"padding_mobile":{"unit":"px","top":"50","right":"10","bottom":"50","left":"10","isLinked":false},"background_gradient_angle":{"unit":"deg","size":90},"heading_color":"#052a44","color_text":"#616c75","color_link":"#0772b7","color_link_hover":"#0785bf","_title":"LP-TEAM-07"},"elements":[{"id":"612007d3","settings":{"_column_size":100,"_inline_size":null,"padding":{"unit":"px","top":"0","right":"0","bottom":"0","left":"0","isLinked":true},"padding_tablet":{"unit":"px","top":"0","right":"0","bottom":"0","left":"0","isLinked":true}},"elements":[{"id":"5abddb45","settings":{"structure":"20","margin":{"unit":"px","top":"0","right":0,"bottom":"0","left":0,"isLinked":true},"reverse_order_mobile":"reverse-mobile","content_width":{"unit":"px","size":1000}},"elements":[{"id":"9a93be6","settings":{"_column_size":50,"_inline_size":null,"background_background":"classic","padding":{"unit":"px","top":"20","right":"40","bottom":"20","left":"20","isLinked":false},"padding_tablet":{"unit":"px","top":"10","right":"20","bottom":"10","left":"10","isLinked":false},"padding_mobile":{"unit":"px","top":"20","right":"10","bottom":"20","left":"10","isLinked":false},"content_position":"center","_inline_size_tablet":60},"elements":[{"id":"4fd0a8c6","settings":{"title":"About Emma","header_size":"h3"},"elements":[],"isInner":false,"widgetType":"heading","elType":"widget"},{"id":"4d07def4","settings":{"title":"Co-Founder","header_size":"p","typography_typography":"custom","typography_font_style":"italic"},"elements":[],"isInner":false,"widgetType":"heading","elType":"widget"},{"id":"12300912","settings":{"editor":"<p>The recommended photo width here is 500 pixels.\u00a0I am text block. Click edit button to change this text.<\/p>"},"elements":[],"isInner":false,"widgetType":"text-editor","elType":"widget"},{"id":"3252e20e","settings":{"social_icon_list":[{"social":"fa fa-facebook","_id":"4zcj08t","link":{"url":"","is_external":"true","nofollow":""}},{"social":"fa fa-linkedin","_id":"oa1fy9u","link":{"url":"","is_external":"true","nofollow":""}},{"social":"fa fa-instagram","link":{"is_external":"true"},"_id":"r90yja2"}],"shape":"circle","icon_color":"custom","icon_primary_color":"#0772b7","icon_size":{"unit":"px","size":15},"icon_secondary_color":"#ffffff","hover_primary_color":"#0785bf","hover_secondary_color":"#ffffff","align":"left"},"elements":[],"isInner":false,"widgetType":"social-icons","elType":"widget"}],"isInner":true,"elType":"column"},{"id":"4084d3e3","settings":{"_column_size":50,"_inline_size":null,"background_background":"classic","padding":{"unit":"px","top":"20","right":"20","bottom":"20","left":"20","isLinked":true},"padding_tablet":{"unit":"px","top":"10","right":"10","bottom":"10","left":"10","isLinked":false},"padding_mobile":{"unit":"px","top":"20","right":"10","bottom":"20","left":"10","isLinked":false},"_inline_size_tablet":40,"content_position":"top"},"elements":[{"id":"68983a55","settings":{"image_border_radius":{"unit":"px","top":"5","right":"5","bottom":"5","left":"5","isLinked":true},"image_box_shadow_box_shadow":{"horizontal":0,"vertical":0,"blur":10,"spread":0,"inset":"","color":"rgba(0,0,0,0.25)"},"image_size":"medium_large","image":{"url":"https:\/\/www.divi01.com\/wp-content\/uploads\/placeholder-700x450.jpg","id":31963},"align":"right","align_mobile":"center","image_box_shadow_box_shadow_type":"yes"},"elements":[],"isInner":false,"widgetType":"image","elType":"widget"}],"isInner":true,"elType":"column"}],"isInner":true,"elType":"section"}],"isInner":false,"elType":"column"}],"isInner":false,"elType":"section"},{"id":"3c4cf276","settings":{"background_background":"classic","background_color":"#f4f6f7","padding":{"unit":"px","top":"100","right":"50","bottom":"100","left":"50","isLinked":false},"padding_tablet":{"unit":"px","top":"80","right":"30","bottom":"80","left":"30","isLinked":false},"padding_mobile":{"unit":"px","top":"50","right":"10","bottom":"50","left":"10","isLinked":false},"background_gradient_angle":{"unit":"deg","size":90},"heading_color":"#052a44","color_text":"#616c75","color_link":"#0772b7","color_link_hover":"#0785bf","_title":"LP-FEATURES-10"},"elements":[{"id":"28c2d1cc","settings":{"_column_size":100,"_inline_size":null,"padding":{"unit":"px","top":"0","right":"0","bottom":"0","left":"0","isLinked":true},"padding_tablet":{"unit":"px","top":"0","right":"0","bottom":"0","left":"0","isLinked":true}},"elements":[{"id":"5ec0ab4b","settings":{"margin":{"unit":"px","top":"0","right":0,"bottom":"0","left":0,"isLinked":true},"content_width":{"unit":"px","size":999}},"elements":[{"id":"5f771658","settings":{"_column_size":100,"_inline_size":null,"background_background":"classic","padding":{"unit":"px","top":"20","right":"20","bottom":"20","left":"20","isLinked":true},"padding_tablet":{"unit":"px","top":"10","right":"10","bottom":"10","left":"10","isLinked":true},"padding_mobile":{"unit":"px","top":"20","right":"10","bottom":"20","left":"10","isLinked":false},"content_position":"center","_inline_size_tablet":100},"elements":[{"id":"6df0464a","settings":{"title":"OPTIONAL SUBHEADING","title_color":"#0785bf","header_size":"p","typography_typography":"custom","typography_letter_spacing":{"unit":"px","size":0.5},"typography_letter_spacing_mobile":{"unit":"px","size":0.3},"align":"center"},"elements":[],"isInner":false,"widgetType":"heading","elType":"widget"},{"id":"3b18f3ac","settings":{"title":"Use h2 or h3 heading","align_mobile":"center","align":"center"},"elements":[],"isInner":false,"widgetType":"heading","elType":"widget"},{"id":"2b9eb408","settings":{"editor":"<p>I am text block. Click edit button to change this text. Lorem ipsum dolor sit amet.<\/p>","align_mobile":"center","align":"center"},"elements":[],"isInner":false,"widgetType":"text-editor","elType":"widget"},{"id":"5830d7f3","settings":{"space":{"unit":"px","size":30},"space_tablet":{"unit":"px","size":20},"space_mobile":{"unit":"px","size":10}},"elements":[],"isInner":false,"widgetType":"spacer","elType":"widget"}],"isInner":true,"elType":"column"}],"isInner":true,"elType":"section"},{"id":"4f89dc44","settings":{"margin":{"unit":"px","top":"0","right":0,"bottom":"0","left":0,"isLinked":true},"content_width":{"unit":"px","size":1000},"structure":"20"},"elements":[{"id":"6b578a01","settings":{"_column_size":50,"_inline_size":null,"background_background":"classic","padding":{"unit":"px","top":"20","right":"20","bottom":"20","left":"20","isLinked":true},"padding_tablet":{"unit":"px","top":"10","right":"10","bottom":"10","left":"10","isLinked":true},"padding_mobile":{"unit":"px","top":"20","right":"10","bottom":"20","left":"10","isLinked":false},"content_position":"center","_inline_size_tablet":50},"elements":[{"id":"5ec00ebd","settings":{"icon":"fa fa-check","title_text":"This is h5 heading","description_text":"Click edit button to change this text. Lorem ipsum dolor sit amet, consectetur.","position":"left","primary_color":"#0785bf","title_bottom_space":{"unit":"px","size":5},"title_color":"#052a44","title_size":"h5","icon_size":{"unit":"px","size":28},"icon_space":{"unit":"px","size":20},"icon_space_mobile":{"unit":"px","size":15}},"elements":[],"isInner":false,"widgetType":"icon-box","elType":"widget"},{"id":"a5331ce","settings":{"space":{"unit":"px","size":15},"space_tablet":{"unit":"px","size":10},"space_mobile":{"unit":"px","size":5}},"elements":[],"isInner":false,"widgetType":"spacer","elType":"widget"},{"id":"1c25d03b","settings":{"icon":"fa fa-check","title_text":"This is h5 heading","description_text":"Click edit button to change this text. Lorem ipsum dolor sit amet, consectetur.","position":"left","primary_color":"#0785bf","title_bottom_space":{"unit":"px","size":5},"title_color":"#052a44","title_size":"h5","icon_size":{"unit":"px","size":28},"icon_space":{"unit":"px","size":20},"icon_space_mobile":{"unit":"px","size":15}},"elements":[],"isInner":false,"widgetType":"icon-box","elType":"widget"},{"id":"1b005576","settings":{"space":{"unit":"px","size":15},"space_tablet":{"unit":"px","size":10},"space_mobile":{"unit":"px","size":5}},"elements":[],"isInner":false,"widgetType":"spacer","elType":"widget"},{"id":"647cbd5","settings":{"icon":"fa fa-check","title_text":"This is h5 heading","description_text":"Click edit button to change this text. Lorem ipsum dolor sit amet, consectetur.","position":"left","primary_color":"#0785bf","title_bottom_space":{"unit":"px","size":5},"title_color":"#052a44","title_size":"h5","icon_size":{"unit":"px","size":28},"icon_space":{"unit":"px","size":20},"icon_space_mobile":{"unit":"px","size":15}},"elements":[],"isInner":false,"widgetType":"icon-box","elType":"widget"}],"isInner":true,"elType":"column"},{"id":"5bb33ca1","settings":{"_column_size":50,"_inline_size":null,"background_background":"classic","padding":{"unit":"px","top":"20","right":"20","bottom":"20","left":"20","isLinked":true},"padding_tablet":{"unit":"px","top":"10","right":"10","bottom":"10","left":"10","isLinked":true},"padding_mobile":{"unit":"px","top":"20","right":"10","bottom":"20","left":"10","isLinked":false},"content_position":"center","_inline_size_tablet":50},"elements":[{"id":"201be47f","settings":{"icon":"fa fa-check","title_text":"This is h5 heading","description_text":"Click edit button to change this text. Lorem ipsum dolor sit amet, consectetur.","position":"left","primary_color":"#0785bf","title_bottom_space":{"unit":"px","size":5},"title_color":"#052a44","title_size":"h5","icon_size":{"unit":"px","size":28},"icon_space":{"unit":"px","size":20},"icon_space_mobile":{"unit":"px","size":15}},"elements":[],"isInner":false,"widgetType":"icon-box","elType":"widget"},{"id":"7a9f3e80","settings":{"space":{"unit":"px","size":15},"space_tablet":{"unit":"px","size":10},"space_mobile":{"unit":"px","size":5}},"elements":[],"isInner":false,"widgetType":"spacer","elType":"widget"},{"id":"ea60249","settings":{"icon":"fa fa-check","title_text":"This is h5 heading","description_text":"Click edit button to change this text. Lorem ipsum dolor sit amet, consectetur.","position":"left","primary_color":"#0785bf","title_bottom_space":{"unit":"px","size":5},"title_color":"#052a44","title_size":"h5","icon_size":{"unit":"px","size":28},"icon_space":{"unit":"px","size":20},"icon_space_mobile":{"unit":"px","size":15}},"elements":[],"isInner":false,"widgetType":"icon-box","elType":"widget"},{"id":"6612b4bc","settings":{"space":{"unit":"px","size":15},"space_tablet":{"unit":"px","size":10},"space_mobile":{"unit":"px","size":5}},"elements":[],"isInner":false,"widgetType":"spacer","elType":"widget"},{"id":"524876c5","settings":{"icon":"fa fa-check","title_text":"This is h5 heading","description_text":"Click edit button to change this text. Lorem ipsum dolor sit amet, consectetur.","position":"left","primary_color":"#0785bf","title_bottom_space":{"unit":"px","size":5},"title_color":"#052a44","title_size":"h5","icon_size":{"unit":"px","size":28},"icon_space":{"unit":"px","size":20},"icon_space_mobile":{"unit":"px","size":15}},"elements":[],"isInner":false,"widgetType":"icon-box","elType":"widget"}],"isInner":true,"elType":"column"}],"isInner":true,"elType":"section"}],"isInner":false,"elType":"column"}],"isInner":false,"elType":"section"},{"id":"18353db1","settings":{"background_background":"gradient","padding":{"unit":"px","top":"100","right":"50","bottom":"0","left":"50","isLinked":false},"padding_tablet":{"unit":"px","top":"80","right":"30","bottom":"0","left":"30","isLinked":false},"padding_mobile":{"unit":"px","top":"50","right":"10","bottom":"0","left":"10","isLinked":false},"background_gradient_angle":{"unit":"deg","size":90},"background_color":"#0785bf","background_color_b":"#0360b2","heading_color":"#ffffff","color_text":"rgba(255,255,255,0.85)","color_link":"#18c3dd","color_link_hover":"#0eb1d6","_title":"LP-CTA-MAILCHIMP-28"},"elements":[{"id":"5a31c7eb","settings":{"_column_size":100,"_inline_size":null,"padding":{"unit":"px","top":"0","right":"0","bottom":"0","left":"0","isLinked":true},"padding_tablet":{"unit":"px","top":"0","right":"0","bottom":"0","left":"0","isLinked":true}},"elements":[{"id":"12323afb","settings":{"margin":{"unit":"px","top":"0","right":0,"bottom":"0","left":0,"isLinked":true},"content_width":{"unit":"px","size":740}},"elements":[{"id":"371535de","settings":{"_column_size":100,"_inline_size":null,"background_background":"classic","padding":{"unit":"px","top":"20","right":"20","bottom":"0","left":"20","isLinked":false},"padding_tablet":{"unit":"px","top":"0","right":"0","bottom":"0","left":"0","isLinked":true},"padding_mobile":{"unit":"px","top":"20","right":"10","bottom":"0","left":"10","isLinked":false}},"elements":[{"id":"1f5a850a","settings":{"title":"Use h2 or h3 heading","align":"center"},"elements":[],"isInner":false,"widgetType":"heading","elType":"widget"},{"id":"75cab0c0","settings":{"editor":"<p>I am text block. Click edit button to change this text. Lorem ipsum dolor sit amet, consectetur adipiscing elit. Ut elit tellus, luctus nec ullamcorper mattis.<\/p>","align":"center"},"elements":[],"isInner":false,"widgetType":"text-editor","elType":"widget"},{"id":"4e7cfb88","settings":{"form_name":"New Form","form_fields":[{"_id":"email","field_type":"email","required":"true","field_label":"Email","placeholder":"Enter your email","width":"","field_value":"","field_options":"","inline_list":"","width_tablet":"","width_mobile":"","rows":4,"recaptcha_size":"normal","recaptcha_style":"light","css_classes":"","file_sizes":"","file_types":"","allow_multiple_upload":"","max_files":"","acceptance_text":"","checked_by_default":"","field_min":"","field_max":"","min_date":"","max_date":"","use_native_date":"","use_native_time":"","allow_multiple":"","select_size":"","field_html":""}],"input_size":"lg","show_labels":"","button_text":"Download Now (PDF)","button_size":"lg","button_width":"","submit_actions":["mailchimp"],"email_content":"[all-fields]","email_content_2":"[all-fields]","custom_messages":"yes","success_message":"Success!","error_message":"There's something wrong... Please fill in the required fields.","required_field_message":"Required","invalid_message":"There's something wrong... The form is invalid.","label_color":"#ffffff","button_text_color":"#ffffff","button_background_color":"#18c3dd","button_border_radius":{"unit":"px","top":"35","right":"35","bottom":"35","left":"35","isLinked":true},"button_hover_color":"#ffffff","button_background_hover_color":"#0eb1d6","button_align_mobile":"stretch","subscriber_already_exists_message":"Subscriber already exist.","label_typography_typography":"custom","label_typography_font_weight":"bold","field_typography_typography":"custom","_padding":{"unit":"px","top":"0","right":"100","bottom":"0","left":"100","isLinked":false},"_padding_tablet":{"unit":"px","top":"0","right":"75","bottom":"0","left":"75","isLinked":false},"_padding_mobile":{"unit":"px","top":"0","right":"0","bottom":"0","left":"0","isLinked":true},"field_border_color":"rgba(7,133,191,0.25)","field_border_radius":{"unit":"px","top":"5","right":"5","bottom":"5","left":"5","isLinked":true},"success_message_color":"#ffffff","error_message_color":"#ffffff","inline_message_color":"#ffffff"},"elements":[],"isInner":false,"widgetType":"form","elType":"widget"},{"id":"51ad6718","settings":{"space":{"unit":"px","size":"15"},"space_tablet":{"unit":"px","size":"10"},"space_mobile":{"unit":"px","size":"5"}},"elements":[],"isInner":false,"widgetType":"spacer","elType":"widget"},{"id":"7f73eca6","settings":{"image_size":"medium_large","image_border_radius":{"unit":"px","top":"5","right":"5","bottom":"0","left":"0","isLinked":false},"image_box_shadow_box_shadow":{"horizontal":0,"vertical":0,"blur":10,"spread":0,"inset":"","color":"#cccccc"},"link":{"is_external":false,"url":""},"image":{"url":"https:\/\/www.divi01.com\/wp-content\/uploads\/placeholder-500x600.jpg","id":31987},"space_mobile":{"unit":"%","size":75}},"elements":[],"isInner":false,"widgetType":"image","elType":"widget"}],"isInner":true,"elType":"column"}],"isInner":true,"elType":"section"}],"isInner":false,"elType":"column"}],"isInner":false,"elType":"section"}]}