{"version":"0.4","title":"LP-PAGE-video-01-dark-hero","type":"page","content":[{"id":"7be74794","settings":{"background_background":"gradient","background_color":"#0785bf","padding":{"unit":"px","top":"100","right":"50","bottom":"100","left":"50","isLinked":false},"padding_tablet":{"unit":"px","top":"80","right":"30","bottom":"80","left":"30","isLinked":false},"padding_mobile":{"unit":"px","top":"50","right":"10","bottom":"50","left":"10","isLinked":false},"background_gradient_angle":{"unit":"deg","size":90},"background_color_b":"#0360b2","heading_color":"#ffffff","color_text":"rgba(255,255,255,0.85)","color_link":"#18c3dd","color_link_hover":"#0eb1d6","_title":"LP-VIDEO-04"},"elements":[{"id":"3b3f9645","settings":{"_column_size":100,"_inline_size":null,"padding":{"unit":"px","top":"0","right":"0","bottom":"0","left":"0","isLinked":true},"padding_tablet":{"unit":"px","top":"0","right":"0","bottom":"0","left":"0","isLinked":true}},"elements":[{"id":"2ca5bb27","settings":{"margin":{"unit":"px","top":"0","right":0,"bottom":"0","left":0,"isLinked":true},"content_width":{"unit":"px","size":900}},"elements":[{"id":"149383cc","settings":{"_column_size":100,"_inline_size":null,"background_background":"classic","padding":{"unit":"px","top":"20","right":"20","bottom":"20","left":"40","isLinked":false},"padding_tablet":{"unit":"px","top":"10","right":"10","bottom":"30","left":"10","isLinked":false},"padding_mobile":{"unit":"px","top":"20","right":"10","bottom":"20","left":"10","isLinked":false},"content_position":"center"},"elements":[{"id":"47ff8a02","settings":{"title":"OPTIONAL SUBHEADING","header_size":"p","align_tablet":"center","title_color":"#18c3dd","align":"center","typography_typography":"custom","typography_letter_spacing":{"unit":"px","size":0.5},"typography_letter_spacing_mobile":{"unit":"px","size":0.3}},"elements":[],"isInner":false,"widgetType":"heading","elType":"widget"},{"id":"566fab3d","settings":{"title":"This is an h1 title for the header of your page","align":"center","header_size":"h1"},"elements":[],"isInner":false,"widgetType":"heading","elType":"widget"},{"id":"353e0118","settings":{"editor":"<p>I am text block. Click edit button to change this text. Lorem ipsum dolor sit amet, consectetur adipiscing elit. Ut elit tellus, luctus nec ullamcorper mattis.<\/p>","align":"center","align_mobile":"center"},"elements":[],"isInner":false,"widgetType":"text-editor","elType":"widget"}],"isInner":true,"elType":"column"}],"isInner":true,"elType":"section"},{"id":"66afbfe5","settings":{"margin":{"unit":"px","top":"0","right":0,"bottom":"0","left":0,"isLinked":true},"content_width":{"unit":"px","size":740}},"elements":[{"id":"69d6df40","settings":{"_column_size":100,"_inline_size":null,"background_background":"classic","padding":{"unit":"px","top":"20","right":"20","bottom":"20","left":"20","isLinked":true},"padding_tablet":{"unit":"px","top":"10","right":"10","bottom":"10","left":"10","isLinked":true},"padding_mobile":{"unit":"px","top":"20","right":"10","bottom":"20","left":"10","isLinked":false}},"elements":[{"id":"3f41ecba","settings":{"link":"https:\/\/www.youtube.com\/watch?v=9uOETcuFjbE","vimeo_link":"https:\/\/vimeo.com\/170933924","yt_showinfo":"","show_image_overlay":"yes","image_overlay":{"url":"https:\/\/www.divi01.com\/wp-content\/uploads\/placeholder-1000x563.jpg","id":31962},"play_icon_color":"#18c3dd","play_icon_size":{"unit":"px","size":150},"play_icon_size_tablet":{"unit":"px","size":125},"play_icon_size_mobile":{"unit":"px","size":100},"youtube_url":"https:\/\/www.youtube.com\/watch?v=9uOETcuFjbE","vimeo_url":"https:\/\/vimeo.com\/235215203","dailymotion_url":"https:\/\/www.dailymotion.com\/video\/x6tqhqb","lazy_load":"yes"},"elements":[],"isInner":false,"widgetType":"video","elType":"widget"}],"isInner":true,"elType":"column"}],"isInner":true,"elType":"section"}],"isInner":false,"elType":"column"}],"isInner":false,"elType":"section"},{"id":"2d5b3055","settings":{"background_background":"classic","padding":{"unit":"px","top":"100","right":"50","bottom":"100","left":"50","isLinked":false},"padding_tablet":{"unit":"px","top":"80","right":"30","bottom":"80","left":"30","isLinked":false},"padding_mobile":{"unit":"px","top":"50","right":"10","bottom":"50","left":"10","isLinked":false},"background_color":"#ffffff","background_gradient_angle":{"unit":"deg","size":90},"heading_color":"#052a44","color_text":"#616c75","color_link":"#0772b7","color_link_hover":"#0785bf","_title":"LP-FEATURES-28"},"elements":[{"id":"6641496a","settings":{"_column_size":100,"_inline_size":null,"padding":{"unit":"px","top":"0","right":"0","bottom":"0","left":"0","isLinked":true},"padding_tablet":{"unit":"px","top":"0","right":"0","bottom":"0","left":"0","isLinked":true}},"elements":[{"id":"7915b34c","settings":{"structure":"30","margin":{"unit":"px","top":"0","right":0,"bottom":"0","left":0,"isLinked":true}},"elements":[{"id":"1fab524","settings":{"_column_size":33,"_inline_size":40,"background_background":"classic","padding":{"unit":"px","top":"20","right":"40","bottom":"20","left":"20","isLinked":false},"padding_tablet":{"unit":"px","top":"10","right":"10","bottom":"40","left":"10","isLinked":false},"padding_mobile":{"unit":"px","top":"20","right":"10","bottom":"20","left":"10","isLinked":false},"_inline_size_tablet":100,"content_position":"top"},"elements":[{"id":"3f380706","settings":{"image_border_radius":{"unit":"px","top":"5","right":"5","bottom":"5","left":"5","isLinked":true},"image":{"url":"https:\/\/www.divi01.com\/wp-content\/uploads\/placeholder-700x450.jpg","id":31963},"image_box_shadow_box_shadow_type":"yes","image_box_shadow_box_shadow":{"horizontal":0,"vertical":0,"blur":10,"spread":0,"color":"rgba(0,0,0,0.25)"}},"elements":[],"isInner":false,"widgetType":"image","elType":"widget"}],"isInner":true,"elType":"column"},{"id":"2ceb1153","settings":{"_column_size":33,"_inline_size":30.005,"background_background":"classic","padding":{"unit":"px","top":"30","right":"40","bottom":"30","left":"40","isLinked":false},"padding_tablet":{"unit":"px","top":"10","right":"20","bottom":"10","left":"10","isLinked":false},"padding_mobile":{"unit":"px","top":"20","right":"10","bottom":"20","left":"10","isLinked":false},"_inline_size_tablet":50,"content_position":"top"},"elements":[{"id":"5a45f6ea","settings":{"title":"This is h5 heading","header_size":"h5"},"elements":[],"isInner":false,"widgetType":"heading","elType":"widget"},{"id":"279a96cb","settings":{"editor":"<p>Click edit button to change this text. Lorem ipsum dolor sit amet, consectetur.<\/p>"},"elements":[],"isInner":false,"widgetType":"text-editor","elType":"widget"},{"id":"46914557","settings":{"space":{"unit":"px","size":15},"space_tablet":{"unit":"px","size":10},"space_mobile":{"unit":"px","size":5}},"elements":[],"isInner":false,"widgetType":"spacer","elType":"widget"},{"id":"2dd7d885","settings":{"title":"This is h5 heading","header_size":"h5"},"elements":[],"isInner":false,"widgetType":"heading","elType":"widget"},{"id":"3cec3b6b","settings":{"editor":"<p>Click edit button to change this text. Lorem ipsum dolor sit amet, consectetur.<\/p>"},"elements":[],"isInner":false,"widgetType":"text-editor","elType":"widget"}],"isInner":true,"elType":"column"},{"id":"4bab2cc8","settings":{"_column_size":33,"_inline_size":30.024,"background_background":"classic","padding":{"unit":"px","top":"30","right":"40","bottom":"30","left":"40","isLinked":false},"padding_tablet":{"unit":"px","top":"10","right":"20","bottom":"10","left":"10","isLinked":false},"padding_mobile":{"unit":"px","top":"20","right":"10","bottom":"20","left":"10","isLinked":false},"_inline_size_tablet":50,"content_position":"top"},"elements":[{"id":"5ef2bbc1","settings":{"title":"This is h5 heading","header_size":"h5"},"elements":[],"isInner":false,"widgetType":"heading","elType":"widget"},{"id":"6a650de2","settings":{"editor":"<p>Click edit button to change this text. Lorem ipsum dolor sit amet, consectetur.<\/p>"},"elements":[],"isInner":false,"widgetType":"text-editor","elType":"widget"},{"id":"33c21f80","settings":{"space":{"unit":"px","size":15},"space_tablet":{"unit":"px","size":10},"space_mobile":{"unit":"px","size":5}},"elements":[],"isInner":false,"widgetType":"spacer","elType":"widget"},{"id":"203951f2","settings":{"title":"This is h5 heading","header_size":"h5"},"elements":[],"isInner":false,"widgetType":"heading","elType":"widget"},{"id":"61b80dae","settings":{"editor":"<p>Click edit button to change this text. Lorem ipsum dolor sit amet, consectetur.<\/p>"},"elements":[],"isInner":false,"widgetType":"text-editor","elType":"widget"}],"isInner":true,"elType":"column"}],"isInner":true,"elType":"section"}],"isInner":false,"elType":"column"}],"isInner":false,"elType":"section"},{"id":"4fc8031","settings":{"background_background":"classic","background_color":"#f4f6f7","padding":{"unit":"px","top":"100","right":"50","bottom":"100","left":"50","isLinked":false},"padding_tablet":{"unit":"px","top":"80","right":"30","bottom":"80","left":"30","isLinked":false},"padding_mobile":{"unit":"px","top":"50","right":"10","bottom":"50","left":"10","isLinked":false},"background_gradient_angle":{"unit":"deg","size":90},"heading_color":"#052a44","color_text":"#616c75","color_link":"#0772b7","color_link_hover":"#0785bf","_title":"LP-CARD-10"},"elements":[{"id":"435dcd75","settings":{"_column_size":100,"_inline_size":null,"padding":{"unit":"px","top":"0","right":"0","bottom":"0","left":"0","isLinked":true},"padding_tablet":{"unit":"px","top":"0","right":"0","bottom":"0","left":"0","isLinked":true}},"elements":[{"id":"306cd641","settings":{"structure":"20","margin":{"unit":"px","top":"0","right":0,"bottom":"0","left":0,"isLinked":true},"content_width":{"unit":"px","size":1000}},"elements":[{"id":"7b2ed529","settings":{"_column_size":50,"_inline_size":null,"background_background":"classic","background_gradient_angle":{"unit":"deg","size":"110"},"border_radius":{"unit":"px","top":"5","right":"5","bottom":"5","left":"5","isLinked":true},"padding":{"unit":"px","top":"20","right":"40","bottom":"20","left":"20","isLinked":false},"padding_tablet":{"unit":"px","top":"10","right":"20","bottom":"10","left":"10","isLinked":false},"padding_mobile":{"unit":"px","top":"20","right":"10","bottom":"20","left":"10","isLinked":false},"_inline_size_tablet":50},"elements":[{"id":"7b8ab2ac","settings":{"title":"OPTIONAL SUBHEADING","title_color":"#0785bf","header_size":"p","typography_typography":"custom","typography_letter_spacing":{"unit":"px","size":0.5},"typography_letter_spacing_mobile":{"unit":"px","size":0.3}},"elements":[],"isInner":false,"widgetType":"heading","elType":"widget"},{"id":"66cabfa7","settings":{"title":"Use h2 or h3 heading","align_mobile":"center"},"elements":[],"isInner":false,"widgetType":"heading","elType":"widget"},{"id":"1e719cc","settings":{"editor":"<p>I am text block. Click edit button to change this text. Lorem ipsum dolor sit amet, consectetur adipiscing elit. Ut elit tellus, luctus nec ullamcorper mattis, pulvinar dapibus leo.<\/p>","align_mobile":"center"},"elements":[],"isInner":false,"widgetType":"text-editor","elType":"widget"}],"isInner":true,"elType":"column"},{"id":"5856c509","settings":{"_column_size":50,"_inline_size":null,"background_background":"classic","background_gradient_angle":{"unit":"deg","size":"110"},"border_radius":{"unit":"px","top":"5","right":"5","bottom":"5","left":"5","isLinked":true},"margin":{"unit":"px","top":"10","right":"10","bottom":"10","left":"10","isLinked":true},"margin_tablet":{"unit":"px","top":"0","right":"0","bottom":"0","left":"0","isLinked":true},"margin_mobile":{"unit":"px","top":"10","right":"0","bottom":"10","left":"0","isLinked":false}},"elements":[{"id":"2eca49a9","settings":{"bg_image":{"url":"","id":""},"title":"Use h4 or h5 heading","description":"Click edit button to change this text. Lorem ipsum dolor sit amet, consectetur.","title_tag":"h4","button":"Clickable Button","graphic_element":"icon","icon":"fa fa-diamond","padding":{"unit":"px","top":"40","right":"40","bottom":"40","left":"40","isLinked":true},"padding_tablet":{"unit":"px","top":"30","right":"30","bottom":"30","left":"30","isLinked":true},"padding_mobile":{"unit":"px","top":"25","right":"25","bottom":"25","left":"25","isLinked":true},"icon_primary_color":"#0785bf","description_spacing":{"unit":"px","size":25},"content_bg_color":"#ffffff","title_color":"#052a44","description_color":"#616c75","button_size":"md","button_text_color":"#ffffff","button_background_color":"#0772b7","button_border_color":"#0772b7","button_hover_text_color":"#ffffff","button_hover_background_color":"#0785bf","button_hover_border_color":"#0785bf","button_border_radius":{"unit":"px","size":35},"transformation":"","effect_duration":{"unit":"px","size":500},"_border_radius":{"unit":"px","top":"5","right":"5","bottom":"5","left":"5","isLinked":true}},"elements":[],"isInner":false,"widgetType":"call-to-action","elType":"widget"}],"isInner":true,"elType":"column"}],"isInner":true,"elType":"section"}],"isInner":false,"elType":"column"}],"isInner":false,"elType":"section"}]}