{"version":"0.4","title":"LP-PAGE-home-13-light-hero","type":"page","content":[{"id":"7b16e8fe","settings":{"background_background":"classic","padding":{"unit":"px","top":"100","right":"50","bottom":"100","left":"50","isLinked":false},"padding_tablet":{"unit":"px","top":"80","right":"30","bottom":"80","left":"30","isLinked":false},"padding_mobile":{"unit":"px","top":"50","right":"10","bottom":"50","left":"10","isLinked":false},"background_gradient_angle":{"unit":"deg","size":90},"background_color":"#f4f6f7","heading_color":"#052a44","color_text":"#616c75","color_link":"#0772b7","color_link_hover":"#0785bf","_title":"LP-TITLE-01"},"elements":[{"id":"7b78d152","settings":{"_column_size":100,"_inline_size":null,"padding":{"unit":"px","top":"0","right":"0","bottom":"0","left":"0","isLinked":true},"padding_tablet":{"unit":"px","top":"0","right":"0","bottom":"0","left":"0","isLinked":true}},"elements":[{"id":"47fccea1","settings":{"margin":{"unit":"px","top":"0","right":0,"bottom":"0","left":0,"isLinked":true},"content_width":{"unit":"px","size":900}},"elements":[{"id":"3eb520fa","settings":{"_column_size":100,"_inline_size":null,"background_background":"classic","padding":{"unit":"px","top":"20","right":"20","bottom":"20","left":"20","isLinked":true},"padding_tablet":{"unit":"px","top":"10","right":"10","bottom":"10","left":"10","isLinked":true},"padding_mobile":{"unit":"px","top":"20","right":"10","bottom":"20","left":"10","isLinked":false}},"elements":[{"id":"55f7fa65","settings":{"title":"OPTIONAL SUBHEADING","header_size":"p","align":"center","title_color":"#0785bf","typography_typography":"custom","typography_letter_spacing":{"unit":"px","size":0.5},"typography_letter_spacing_mobile":{"unit":"px","size":0.3}},"elements":[],"isInner":false,"widgetType":"heading","elType":"widget"},{"id":"3d85cb2f","settings":{"title":"This is an h1 title for the header of your page","header_size":"h1","align":"center"},"elements":[],"isInner":false,"widgetType":"heading","elType":"widget"},{"id":"127c3dee","settings":{"editor":"<p>Another optional subheading, only use one subheading<\/p>","align":"center","typography_typography":"custom","typography_font_size":{"unit":"em","size":1.3},"typography_line_height":{"unit":"em","size":1.5},"typography_font_size_tablet":{"unit":"em","size":1.3},"typography_font_size_mobile":{"unit":"em","size":1.2}},"elements":[],"isInner":false,"widgetType":"text-editor","elType":"widget"}],"isInner":true,"elType":"column"}],"isInner":true,"elType":"section"}],"isInner":false,"elType":"column"}],"isInner":false,"elType":"section"},{"id":"2ebcbfb","settings":{"background_background":"gradient","background_color":"#0785bf","padding":{"unit":"px","top":"100","right":"50","bottom":"100","left":"50","isLinked":false},"padding_tablet":{"unit":"px","top":"80","right":"30","bottom":"80","left":"30","isLinked":false},"padding_mobile":{"unit":"px","top":"50","right":"10","bottom":"50","left":"10","isLinked":false},"background_color_b":"#0360b2","background_gradient_angle":{"unit":"deg","size":90},"heading_color":"#ffffff","color_text":"rgba(255,255,255,0.85)","color_link":"#18c3dd","color_link_hover":"#0eb1d6","_title":"LP-CARD-07"},"elements":[{"id":"6e82e4a","settings":{"_column_size":100,"_inline_size":null,"padding":{"unit":"px","top":"0","right":"0","bottom":"0","left":"0","isLinked":true},"padding_tablet":{"unit":"px","top":"0","right":"0","bottom":"0","left":"0","isLinked":true}},"elements":[{"id":"6309adac","settings":{"margin":{"unit":"px","top":"0","right":0,"bottom":"0","left":0,"isLinked":true},"content_width":{"unit":"px","size":900}},"elements":[{"id":"5c95956d","settings":{"_column_size":100,"padding":{"unit":"px","top":"20","right":"20","bottom":"20","left":"20","isLinked":true},"padding_tablet":{"unit":"px","top":"10","right":"10","bottom":"10","left":"10","isLinked":true},"padding_mobile":{"unit":"px","top":"20","right":"10","bottom":"20","left":"10","isLinked":false}},"elements":[{"id":"523885bb","settings":{"title":"OPTIONAL SUBHEADING","align":"center","title_color":"#18c3dd","header_size":"p","typography_typography":"custom","typography_letter_spacing":{"unit":"px","size":0.5},"typography_letter_spacing_mobile":{"unit":"px","size":0.3}},"elements":[],"isInner":false,"widgetType":"heading","elType":"widget"},{"id":"41dffae3","settings":{"title":"Use h2 or h3 heading","align":"center"},"elements":[],"isInner":false,"widgetType":"heading","elType":"widget"},{"id":"1d2a8924","settings":{"editor":"<p>I am text block. Click edit button to change this text. Lorem ipsum dolor sit amet.<\/p>","align":"center"},"elements":[],"isInner":false,"widgetType":"text-editor","elType":"widget"},{"id":"7c91ebce","settings":{"space":{"unit":"px","size":30},"space_tablet":{"unit":"px","size":20},"space_mobile":{"unit":"px","size":10}},"elements":[],"isInner":false,"widgetType":"spacer","elType":"widget"}],"isInner":true,"elType":"column"}],"isInner":true,"elType":"section"},{"id":"4fa867c1","settings":{"margin":{"unit":"px","top":"0","right":0,"bottom":"0","left":0,"isLinked":true},"structure":"30"},"elements":[{"id":"7f163ad8","settings":{"_column_size":33,"_inline_size":null,"background_background":"classic","background_gradient_angle":{"unit":"deg","size":"110"},"border_radius":{"unit":"px","top":"5","right":"5","bottom":"5","left":"5","isLinked":true},"margin":{"unit":"px","top":"10","right":"10","bottom":"10","left":"10","isLinked":true},"margin_tablet":{"unit":"px","top":"0","right":"0","bottom":"0","left":"0","isLinked":true},"margin_mobile":{"unit":"px","top":"10","right":"0","bottom":"10","left":"0","isLinked":false}},"elements":[{"id":"78cafec8","settings":{"bg_image":{"url":"","id":""},"title":"Use h4 or h5 heading","description":"Click edit button to change this text. Lorem ipsum dolor sit amet, consectetur.","title_tag":"h4","button":"Clickable Button","graphic_element":"icon","icon":"fa fa-bolt","padding":{"unit":"px","top":"40","right":"40","bottom":"40","left":"40","isLinked":true},"padding_tablet":{"unit":"px","top":"30","right":"30","bottom":"30","left":"30","isLinked":true},"padding_mobile":{"unit":"px","top":"25","right":"25","bottom":"25","left":"25","isLinked":true},"icon_primary_color":"#0785bf","description_spacing":{"unit":"px","size":25},"content_bg_color":"#ffffff","title_color":"#052a44","description_color":"#616c75","button_size":"md","button_text_color":"#ffffff","button_background_color":"#0772b7","button_border_color":"#0772b7","button_hover_text_color":"#ffffff","button_hover_background_color":"#0785bf","button_hover_border_color":"#0785bf","button_border_radius":{"unit":"px","size":35},"transformation":"","effect_duration":{"unit":"px","size":500},"_border_radius":{"unit":"px","top":"5","right":"5","bottom":"5","left":"5","isLinked":true}},"elements":[],"isInner":false,"widgetType":"call-to-action","elType":"widget"}],"isInner":true,"elType":"column"},{"id":"326d3caa","settings":{"_column_size":33,"_inline_size":null,"background_background":"classic","background_gradient_angle":{"unit":"deg","size":"110"},"border_radius":{"unit":"px","top":"5","right":"5","bottom":"5","left":"5","isLinked":true},"margin":{"unit":"px","top":"10","right":"10","bottom":"10","left":"10","isLinked":true},"margin_tablet":{"unit":"px","top":"0","right":"0","bottom":"0","left":"0","isLinked":true},"margin_mobile":{"unit":"px","top":"10","right":"0","bottom":"10","left":"0","isLinked":false}},"elements":[{"id":"57c4cb50","settings":{"bg_image":{"url":"","id":""},"title":"Use h4 or h5 heading","description":"Click edit button to change this text. Lorem ipsum dolor sit amet, consectetur.","title_tag":"h4","button":"Clickable Button","graphic_element":"icon","icon":"fa fa-bolt","padding":{"unit":"px","top":"40","right":"40","bottom":"40","left":"40","isLinked":true},"padding_tablet":{"unit":"px","top":"30","right":"30","bottom":"30","left":"30","isLinked":true},"padding_mobile":{"unit":"px","top":"25","right":"25","bottom":"25","left":"25","isLinked":true},"icon_primary_color":"#0785bf","description_spacing":{"unit":"px","size":25},"content_bg_color":"#ffffff","title_color":"#052a44","description_color":"#616c75","button_size":"md","button_text_color":"#ffffff","button_background_color":"#0772b7","button_border_color":"#0772b7","button_hover_text_color":"#ffffff","button_hover_background_color":"#0785bf","button_hover_border_color":"#0785bf","button_border_radius":{"unit":"px","size":35},"transformation":"","effect_duration":{"unit":"px","size":500},"_border_radius":{"unit":"px","top":"5","right":"5","bottom":"5","left":"5","isLinked":true}},"elements":[],"isInner":false,"widgetType":"call-to-action","elType":"widget"}],"isInner":true,"elType":"column"},{"id":"4c067abc","settings":{"_column_size":33,"_inline_size":null,"background_background":"classic","background_gradient_angle":{"unit":"deg","size":"110"},"border_radius":{"unit":"px","top":"5","right":"5","bottom":"5","left":"5","isLinked":true},"margin":{"unit":"px","top":"10","right":"10","bottom":"10","left":"10","isLinked":true},"margin_tablet":{"unit":"px","top":"0","right":"0","bottom":"0","left":"0","isLinked":true},"margin_mobile":{"unit":"px","top":"10","right":"0","bottom":"10","left":"0","isLinked":false}},"elements":[{"id":"11ad1675","settings":{"bg_image":{"url":"","id":""},"title":"Use h4 or h5 heading","description":"Click edit button to change this text. Lorem ipsum dolor sit amet, consectetur.","title_tag":"h4","button":"Clickable Button","graphic_element":"icon","icon":"fa fa-bolt","padding":{"unit":"px","top":"40","right":"40","bottom":"40","left":"40","isLinked":true},"padding_tablet":{"unit":"px","top":"30","right":"30","bottom":"30","left":"30","isLinked":true},"padding_mobile":{"unit":"px","top":"25","right":"25","bottom":"25","left":"25","isLinked":true},"icon_primary_color":"#0785bf","description_spacing":{"unit":"px","size":25},"content_bg_color":"#ffffff","title_color":"#052a44","description_color":"#616c75","button_size":"md","button_text_color":"#ffffff","button_background_color":"#0772b7","button_border_color":"#0772b7","button_hover_text_color":"#ffffff","button_hover_background_color":"#0785bf","button_hover_border_color":"#0785bf","button_border_radius":{"unit":"px","size":35},"transformation":"","effect_duration":{"unit":"px","size":500},"_border_radius":{"unit":"px","top":"5","right":"5","bottom":"5","left":"5","isLinked":true}},"elements":[],"isInner":false,"widgetType":"call-to-action","elType":"widget"}],"isInner":true,"elType":"column"}],"isInner":true,"elType":"section"}],"isInner":false,"elType":"column"}],"isInner":false,"elType":"section"},{"id":"196652d6","settings":{"background_background":"classic","background_color":"#ffffff","padding":{"unit":"px","top":"100","right":"50","bottom":"100","left":"50","isLinked":false},"padding_tablet":{"unit":"px","top":"80","right":"30","bottom":"80","left":"30","isLinked":false},"padding_mobile":{"unit":"px","top":"50","right":"10","bottom":"50","left":"10","isLinked":false},"background_gradient_angle":{"unit":"deg","size":90},"content_width":{"unit":"px","size":1000},"heading_color":"#052a44","color_text":"#616c75","color_link":"#0772b7","color_link_hover":"#0785bf","_title":"LP-TEAM-13"},"elements":[{"id":"3c72b51","settings":{"_column_size":100,"_inline_size":null,"padding":{"unit":"px","top":"0","right":"0","bottom":"0","left":"0","isLinked":true},"padding_tablet":{"unit":"px","top":"0","right":"0","bottom":"0","left":"0","isLinked":true}},"elements":[{"id":"6905d3aa","settings":{"content_width":{"unit":"px","size":900},"margin":{"unit":"px","top":"0","right":0,"bottom":"0","left":0,"isLinked":true}},"elements":[{"id":"75d58bb5","settings":{"_column_size":100,"_inline_size":null,"padding":{"unit":"px","top":"20","right":"20","bottom":"20","left":"20","isLinked":true},"padding_tablet":{"unit":"px","top":"10","right":"10","bottom":"10","left":"10","isLinked":true},"padding_mobile":{"unit":"px","top":"20","right":"10","bottom":"20","left":"10","isLinked":false}},"elements":[{"id":"74ffc6c1","settings":{"title":"OPTIONAL SUBHEADING","align":"center","title_color":"#0785bf","header_size":"p","typography_typography":"custom","typography_letter_spacing":{"unit":"px","size":0.5},"typography_letter_spacing_mobile":{"unit":"px","size":0.3}},"elements":[],"isInner":false,"widgetType":"heading","elType":"widget"},{"id":"44337ad9","settings":{"title":"Use h2 or h3 heading","align":"center"},"elements":[],"isInner":false,"widgetType":"heading","elType":"widget"},{"id":"422f6bbd","settings":{"editor":"<p>I am text block. Click edit button to change this text.<\/p>","align":"center"},"elements":[],"isInner":false,"widgetType":"text-editor","elType":"widget"},{"id":"107db647","settings":{"space":{"unit":"px","size":30},"space_tablet":{"unit":"px","size":20},"space_mobile":{"unit":"px","size":10}},"elements":[],"isInner":false,"widgetType":"spacer","elType":"widget"}],"isInner":true,"elType":"column"}],"isInner":true,"elType":"section"},{"id":"9c47e54","settings":{"structure":"21","margin":{"unit":"px","top":"0","right":0,"bottom":"0","left":0,"isLinked":true},"margin_tablet":{"unit":"px","top":"","right":0,"bottom":"","left":0,"isLinked":true},"margin_mobile":{"unit":"px","top":"","right":0,"bottom":"","left":0,"isLinked":true}},"elements":[{"id":"441e484","settings":{"_column_size":33,"_inline_size":30,"background_background":"classic","background_gradient_angle":{"unit":"deg","size":"110"},"border_radius":{"unit":"px","top":"5","right":"5","bottom":"5","left":"5","isLinked":true},"margin":{"unit":"px","top":"0","right":"0","bottom":"0","left":"0","isLinked":true},"padding":{"unit":"px","top":"20","right":"20","bottom":"20","left":"20","isLinked":true},"padding_tablet":{"unit":"px","top":"10","right":"10","bottom":"10","left":"10","isLinked":true},"padding_mobile":{"unit":"px","top":"0","right":"0","bottom":"0","left":"0","isLinked":true},"border_width":{"unit":"px","top":"0","right":"0","bottom":"0","left":"0","isLinked":true},"margin_tablet":{"unit":"px","top":"0","right":"0","bottom":"0","left":"0","isLinked":true},"margin_mobile":{"unit":"px","top":"20","right":"10","bottom":"20","left":"10","isLinked":false},"_inline_size_tablet":40},"elements":[{"id":"4ffb5ac1","settings":{"image":{"url":"https:\/\/www.divi01.com\/wp-content\/uploads\/placeholder-300x300.jpg","id":31960},"image_size":"medium","image_border_radius":{"unit":"%","top":"50","right":"50","bottom":"50","left":"50","isLinked":true},"image_box_shadow_box_shadow_type":"yes","image_box_shadow_box_shadow":{"horizontal":0,"vertical":0,"blur":10,"spread":0,"color":"rgba(0,0,0,0.25)"}},"elements":[],"isInner":false,"widgetType":"image","elType":"widget"}],"isInner":true,"elType":"column"},{"id":"64a87620","settings":{"_column_size":66,"_inline_size":69.666,"background_background":"classic","background_gradient_angle":{"unit":"deg","size":"110"},"border_radius":{"unit":"px","top":"5","right":"5","bottom":"5","left":"5","isLinked":true},"margin":{"unit":"px","top":"10","right":"10","bottom":"10","left":"10","isLinked":true},"padding":{"unit":"px","top":"20","right":"20","bottom":"20","left":"20","isLinked":true},"padding_tablet":{"unit":"px","top":"10","right":"10","bottom":"10","left":"10","isLinked":true},"padding_mobile":{"unit":"px","top":"0","right":"10","bottom":"20","left":"10","isLinked":false},"border_width":{"unit":"px","top":"0","right":"0","bottom":"0","left":"0","isLinked":true},"margin_tablet":{"unit":"px","top":"10","right":"10","bottom":"10","left":"10","isLinked":true},"margin_mobile":{"unit":"px","top":"0","right":"0","bottom":"0","left":"0","isLinked":true},"_inline_size_tablet":60},"elements":[{"id":"5c3861f7","settings":{"title":"Emma","header_size":"h5"},"elements":[],"isInner":false,"widgetType":"heading","elType":"widget"},{"id":"25f35526","settings":{"title":"Co-Founder","header_size":"p","typography_typography":"custom","typography_font_style":"italic","_margin":{"unit":"px","top":"-10","right":"0","bottom":"0","left":"0","isLinked":false}},"elements":[],"isInner":false,"widgetType":"heading","elType":"widget"},{"id":"41c7afb3","settings":{"editor":"<p>The recommended photo size here is 300 x 300 pixels. Square photos will automatically appear as circles. I am text block. Click edit button to change this text.<\/p>"},"elements":[],"isInner":false,"widgetType":"text-editor","elType":"widget"},{"id":"6eb49fe6","settings":{"social_icon_list":[{"social":"fa fa-facebook","_id":"4zcj08t","link":{"url":"","is_external":"true","nofollow":""}},{"social":"fa fa-linkedin","_id":"oa1fy9u","link":{"url":"","is_external":"true","nofollow":""}},{"social":"fa fa-instagram","link":{"is_external":"true"},"_id":"r90yja2"}],"shape":"circle","icon_color":"custom","icon_primary_color":"#0772b7","icon_size":{"unit":"px","size":15},"icon_secondary_color":"#ffffff","hover_primary_color":"#0785bf","hover_secondary_color":"#ffffff","align":"left"},"elements":[],"isInner":false,"widgetType":"social-icons","elType":"widget"}],"isInner":true,"elType":"column"}],"isInner":true,"elType":"section"},{"id":"5bfd0410","settings":{"margin":{"unit":"px","top":"0","right":0,"bottom":"0","left":0,"isLinked":true},"margin_tablet":{"unit":"px","top":"0","right":0,"bottom":"0","left":0,"isLinked":true},"margin_mobile":{"unit":"px","top":"0","right":0,"bottom":"0","left":0,"isLinked":true},"padding_tablet":{"unit":"px","top":"0","right":"0","bottom":"0","left":"0","isLinked":true},"padding_mobile":{"unit":"px","top":"0","right":"0","bottom":"0","left":"0","isLinked":true}},"elements":[{"id":"5fbf5f1e","settings":{"_column_size":100,"_inline_size":null,"background_background":"classic","padding":{"unit":"px","top":"0","right":"0","bottom":"0","left":"0","isLinked":true},"padding_tablet":{"unit":"px","top":"0","right":"0","bottom":"0","left":"0","isLinked":true},"padding_mobile":{"unit":"px","top":"0","right":"0","bottom":"0","left":"0","isLinked":true},"margin":{"unit":"px","top":"0","right":"0","bottom":"0","left":"0","isLinked":true},"margin_tablet":{"unit":"px","top":"0","right":"0","bottom":"0","left":"0","isLinked":true},"margin_mobile":{"unit":"px","top":"0","right":"0","bottom":"0","left":"0","isLinked":true}},"elements":[{"id":"6a2d7138","settings":{"space":{"unit":"px","size":30},"space_tablet":{"unit":"px","size":30},"space_mobile":{"unit":"px","size":30}},"elements":[],"isInner":false,"widgetType":"spacer","elType":"widget"}],"isInner":true,"elType":"column"}],"isInner":true,"elType":"section"},{"id":"37b8613f","settings":{"structure":"21","margin":{"unit":"px","top":"0","right":0,"bottom":"0","left":0,"isLinked":true},"margin_tablet":{"unit":"px","top":"","right":0,"bottom":"","left":0,"isLinked":true},"margin_mobile":{"unit":"px","top":"","right":0,"bottom":"","left":0,"isLinked":true}},"elements":[{"id":"7ce9e843","settings":{"_column_size":33,"_inline_size":30,"background_background":"classic","background_gradient_angle":{"unit":"deg","size":"110"},"border_radius":{"unit":"px","top":"5","right":"5","bottom":"5","left":"5","isLinked":true},"margin":{"unit":"px","top":"0","right":"0","bottom":"0","left":"0","isLinked":true},"padding":{"unit":"px","top":"20","right":"20","bottom":"20","left":"20","isLinked":true},"padding_tablet":{"unit":"px","top":"10","right":"10","bottom":"10","left":"10","isLinked":true},"padding_mobile":{"unit":"px","top":"0","right":"0","bottom":"0","left":"0","isLinked":true},"border_width":{"unit":"px","top":"0","right":"0","bottom":"0","left":"0","isLinked":true},"margin_tablet":{"unit":"px","top":"0","right":"0","bottom":"0","left":"0","isLinked":true},"margin_mobile":{"unit":"px","top":"20","right":"10","bottom":"20","left":"10","isLinked":false},"_inline_size_tablet":40},"elements":[{"id":"2c0d6c1c","settings":{"image":{"url":"https:\/\/www.divi01.com\/wp-content\/uploads\/placeholder-300x300.jpg","id":31960},"image_size":"medium","image_border_radius":{"unit":"%","top":"50","right":"50","bottom":"50","left":"50","isLinked":true},"image_box_shadow_box_shadow_type":"yes","image_box_shadow_box_shadow":{"horizontal":0,"vertical":0,"blur":10,"spread":0,"color":"rgba(0,0,0,0.25)"}},"elements":[],"isInner":false,"widgetType":"image","elType":"widget"}],"isInner":true,"elType":"column"},{"id":"7b93c61","settings":{"_column_size":66,"_inline_size":69.666,"background_background":"classic","background_gradient_angle":{"unit":"deg","size":"110"},"border_radius":{"unit":"px","top":"5","right":"5","bottom":"5","left":"5","isLinked":true},"margin":{"unit":"px","top":"10","right":"10","bottom":"10","left":"10","isLinked":true},"padding":{"unit":"px","top":"20","right":"20","bottom":"20","left":"20","isLinked":true},"padding_tablet":{"unit":"px","top":"10","right":"10","bottom":"10","left":"10","isLinked":true},"padding_mobile":{"unit":"px","top":"0","right":"10","bottom":"20","left":"10","isLinked":false},"border_width":{"unit":"px","top":"0","right":"0","bottom":"0","left":"0","isLinked":true},"margin_tablet":{"unit":"px","top":"10","right":"10","bottom":"10","left":"10","isLinked":true},"margin_mobile":{"unit":"px","top":"0","right":"0","bottom":"0","left":"0","isLinked":true},"_inline_size_tablet":60},"elements":[{"id":"588eefde","settings":{"title":"Emma","header_size":"h5"},"elements":[],"isInner":false,"widgetType":"heading","elType":"widget"},{"id":"8a30189","settings":{"title":"Co-Founder","header_size":"p","typography_typography":"custom","typography_font_style":"italic","_margin":{"unit":"px","top":"-10","right":"0","bottom":"0","left":"0","isLinked":false}},"elements":[],"isInner":false,"widgetType":"heading","elType":"widget"},{"id":"5ff395ef","settings":{"editor":"<p>The recommended photo size here is 300 x 300 pixels. Square photos will automatically appear as circles. I am text block. Click edit button to change this text.<\/p>"},"elements":[],"isInner":false,"widgetType":"text-editor","elType":"widget"},{"id":"5159eea7","settings":{"social_icon_list":[{"social":"fa fa-facebook","_id":"4zcj08t","link":{"url":"","is_external":"true","nofollow":""}},{"social":"fa fa-linkedin","_id":"oa1fy9u","link":{"url":"","is_external":"true","nofollow":""}},{"social":"fa fa-instagram","link":{"is_external":"true"},"_id":"r90yja2"}],"shape":"circle","icon_color":"custom","icon_primary_color":"#0772b7","icon_size":{"unit":"px","size":15},"icon_secondary_color":"#ffffff","hover_primary_color":"#0785bf","hover_secondary_color":"#ffffff","align":"left"},"elements":[],"isInner":false,"widgetType":"social-icons","elType":"widget"}],"isInner":true,"elType":"column"}],"isInner":true,"elType":"section"}],"isInner":false,"elType":"column"}],"isInner":false,"elType":"section"},{"id":"e184956","settings":{"background_background":"classic","background_color":"#f4f6f7","padding":{"unit":"px","top":"100","right":"50","bottom":"100","left":"50","isLinked":false},"padding_tablet":{"unit":"px","top":"80","right":"30","bottom":"80","left":"30","isLinked":false},"padding_mobile":{"unit":"px","top":"50","right":"10","bottom":"50","left":"10","isLinked":false},"background_gradient_angle":{"unit":"deg","size":90},"heading_color":"#052a44","color_text":"#616c75","color_link":"#0772b7","color_link_hover":"#0785bf","_title":"LP-CARD-19"},"elements":[{"id":"5e996c32","settings":{"_column_size":100,"_inline_size":null,"padding":{"unit":"px","top":"0","right":"0","bottom":"0","left":"0","isLinked":true},"padding_tablet":{"unit":"px","top":"0","right":"0","bottom":"0","left":"0","isLinked":true}},"elements":[{"id":"6481fbf9","settings":{"margin":{"unit":"px","top":"0","right":0,"bottom":"0","left":0,"isLinked":true},"content_width":{"unit":"px","size":900}},"elements":[{"id":"486f59d3","settings":{"_column_size":100,"padding":{"unit":"px","top":"20","right":"20","bottom":"20","left":"20","isLinked":true},"padding_tablet":{"unit":"px","top":"10","right":"10","bottom":"10","left":"10","isLinked":true},"padding_mobile":{"unit":"px","top":"20","right":"10","bottom":"20","left":"10","isLinked":false}},"elements":[{"id":"3bedbfc","settings":{"title":"OPTIONAL SUBHEADING","align":"center","title_color":"#0785bf","header_size":"p","typography_typography":"custom","typography_letter_spacing":{"unit":"px","size":0.5},"typography_letter_spacing_mobile":{"unit":"px","size":0.3}},"elements":[],"isInner":false,"widgetType":"heading","elType":"widget"},{"id":"536f9312","settings":{"title":"Use h2 or h3 heading","align":"center"},"elements":[],"isInner":false,"widgetType":"heading","elType":"widget"},{"id":"204e8120","settings":{"editor":"<p>I am text block. Click edit button to change this text. Lorem ipsum dolor sit amet.<\/p>","align":"center"},"elements":[],"isInner":false,"widgetType":"text-editor","elType":"widget"},{"id":"6aaa7f7","settings":{"space":{"unit":"px","size":30},"space_tablet":{"unit":"px","size":20},"space_mobile":{"unit":"px","size":10}},"elements":[],"isInner":false,"widgetType":"spacer","elType":"widget"}],"isInner":true,"elType":"column"}],"isInner":true,"elType":"section"},{"id":"28e86adc","settings":{"margin":{"unit":"px","top":"0","right":0,"bottom":"0","left":0,"isLinked":true},"content_width":{"unit":"px","size":1000},"structure":"20"},"elements":[{"id":"58ed101b","settings":{"_column_size":50,"_inline_size":null,"background_background":"classic","background_gradient_angle":{"unit":"deg","size":"110"},"border_radius":{"unit":"px","top":"5","right":"5","bottom":"5","left":"5","isLinked":true},"margin":{"unit":"px","top":"10","right":"10","bottom":"10","left":"10","isLinked":true},"margin_tablet":{"unit":"px","top":"0","right":"0","bottom":"0","left":"0","isLinked":true},"margin_mobile":{"unit":"px","top":"10","right":"0","bottom":"10","left":"0","isLinked":false}},"elements":[{"id":"48da13b4","settings":{"bg_image":{"url":"https:\/\/www.divi01.com\/wp-content\/uploads\/placeholder-700x450.jpg","id":31963},"graphic_element":"","icon":"","title":"Use h4 or h5 heading","description":"The recommended photo width here is 500 pixels.\u00a0I am text block. Click edit button to change this text.","title_tag":"h4","button":"Clickable Button","alignment":"left","padding":{"unit":"px","top":"40","right":"40","bottom":"40","left":"40","isLinked":true},"padding_tablet":{"unit":"px","top":"30","right":"30","bottom":"30","left":"30","isLinked":true},"padding_mobile":{"unit":"px","top":"25","right":"25","bottom":"25","left":"25","isLinked":true},"image_min_height":{"unit":"px","size":275},"image_min_height_tablet":{"unit":"px","size":200},"image_min_height_mobile":{"unit":"px","size":200},"icon_primary_color":"#0785bf","description_spacing":{"unit":"px","size":25},"content_bg_color":"#ffffff","title_color":"#052a44","description_color":"#616c75","button_size":"md","button_text_color":"#ffffff","button_background_color":"#0772b7","button_border_color":"#0772b7","button_hover_text_color":"#ffffff","button_hover_background_color":"#0785bf","button_hover_border_color":"#0785bf","button_border_radius":{"unit":"px","size":35},"effect_duration":{"unit":"px","size":500},"_border_radius":{"unit":"px","top":"5","right":"5","bottom":"5","left":"5","isLinked":true},"link_click":"box","ribbon_horizontal_position":"right","ribbon_bg_color":"#0772b7","ribbon_text_color":"#ffffff","bg_image_size":"medium_large"},"elements":[],"isInner":false,"widgetType":"call-to-action","elType":"widget"}],"isInner":true,"elType":"column"},{"id":"31dfe75e","settings":{"_column_size":50,"_inline_size":null,"background_background":"classic","background_gradient_angle":{"unit":"deg","size":"110"},"border_radius":{"unit":"px","top":"5","right":"5","bottom":"5","left":"5","isLinked":true},"margin":{"unit":"px","top":"10","right":"10","bottom":"10","left":"10","isLinked":true},"margin_tablet":{"unit":"px","top":"0","right":"0","bottom":"0","left":"0","isLinked":true},"margin_mobile":{"unit":"px","top":"10","right":"0","bottom":"10","left":"0","isLinked":false}},"elements":[{"id":"5a5787ae","settings":{"bg_image":{"url":"https:\/\/www.divi01.com\/wp-content\/uploads\/placeholder-700x450.jpg","id":31963},"graphic_element":"","icon":"","title":"Use h4 or h5 heading","description":"The recommended photo width here is 500 pixels.\u00a0I am text block. Click edit button to change this text.","title_tag":"h4","button":"Clickable Button","alignment":"left","padding":{"unit":"px","top":"40","right":"40","bottom":"40","left":"40","isLinked":true},"padding_tablet":{"unit":"px","top":"30","right":"30","bottom":"30","left":"30","isLinked":true},"padding_mobile":{"unit":"px","top":"25","right":"25","bottom":"25","left":"25","isLinked":true},"image_min_height":{"unit":"px","size":275},"image_min_height_tablet":{"unit":"px","size":200},"image_min_height_mobile":{"unit":"px","size":200},"icon_primary_color":"#0785bf","description_spacing":{"unit":"px","size":25},"content_bg_color":"#ffffff","title_color":"#052a44","description_color":"#616c75","button_size":"md","button_text_color":"#ffffff","button_background_color":"#0772b7","button_border_color":"#0772b7","button_hover_text_color":"#ffffff","button_hover_background_color":"#0785bf","button_hover_border_color":"#0785bf","button_border_radius":{"unit":"px","size":35},"effect_duration":{"unit":"px","size":500},"_border_radius":{"unit":"px","top":"5","right":"5","bottom":"5","left":"5","isLinked":true},"link_click":"box","ribbon_horizontal_position":"right","ribbon_bg_color":"#0772b7","ribbon_text_color":"#ffffff","bg_image_size":"medium_large"},"elements":[],"isInner":false,"widgetType":"call-to-action","elType":"widget"}],"isInner":true,"elType":"column"}],"isInner":true,"elType":"section"}],"isInner":false,"elType":"column"}],"isInner":false,"elType":"section"}]}