{"version":"0.4","title":"LP-PAGE-services-01-light-hero","type":"page","content":[{"id":"78d09e4e","settings":{"background_background":"classic","padding":{"unit":"px","top":"100","right":"50","bottom":"100","left":"50","isLinked":false},"padding_tablet":{"unit":"px","top":"80","right":"30","bottom":"80","left":"30","isLinked":false},"padding_mobile":{"unit":"px","top":"50","right":"10","bottom":"50","left":"10","isLinked":false},"background_gradient_angle":{"unit":"deg","size":90},"background_color":"#f4f6f7","heading_color":"#052a44","color_text":"#616c75","color_link":"#0772b7","color_link_hover":"#0785bf","_title":"LP-TITLE-01"},"elements":[{"id":"3511a659","settings":{"_column_size":100,"_inline_size":null,"padding":{"unit":"px","top":"0","right":"0","bottom":"0","left":"0","isLinked":true},"padding_tablet":{"unit":"px","top":"0","right":"0","bottom":"0","left":"0","isLinked":true}},"elements":[{"id":"29766777","settings":{"margin":{"unit":"px","top":"0","right":0,"bottom":"0","left":0,"isLinked":true},"content_width":{"unit":"px","size":900}},"elements":[{"id":"1a0f1a4b","settings":{"_column_size":100,"_inline_size":null,"background_background":"classic","padding":{"unit":"px","top":"20","right":"20","bottom":"20","left":"20","isLinked":true},"padding_tablet":{"unit":"px","top":"10","right":"10","bottom":"10","left":"10","isLinked":true},"padding_mobile":{"unit":"px","top":"20","right":"10","bottom":"20","left":"10","isLinked":false}},"elements":[{"id":"7f7353a1","settings":{"title":"OPTIONAL SUBHEADING","header_size":"p","align":"center","title_color":"#0785bf","typography_typography":"custom","typography_letter_spacing":{"unit":"px","size":0.5},"typography_letter_spacing_mobile":{"unit":"px","size":0.3}},"elements":[],"isInner":false,"widgetType":"heading","elType":"widget"},{"id":"2b6cdfa2","settings":{"title":"This is an h1 title for the header of your page","header_size":"h1","align":"center"},"elements":[],"isInner":false,"widgetType":"heading","elType":"widget"},{"id":"6b14d8e5","settings":{"editor":"<p>Another optional subheading, only use one subheading<\/p>","align":"center","typography_typography":"custom","typography_font_size":{"unit":"em","size":1.3},"typography_line_height":{"unit":"em","size":1.5},"typography_font_size_tablet":{"unit":"em","size":1.3},"typography_font_size_mobile":{"unit":"em","size":1.2}},"elements":[],"isInner":false,"widgetType":"text-editor","elType":"widget"}],"isInner":true,"elType":"column"}],"isInner":true,"elType":"section"}],"isInner":false,"elType":"column"}],"isInner":false,"elType":"section"},{"id":"3720716a","settings":{"background_background":"classic","background_color":"#ffffff","padding":{"unit":"px","top":"100","right":"50","bottom":"100","left":"50","isLinked":false},"padding_tablet":{"unit":"px","top":"80","right":"30","bottom":"80","left":"30","isLinked":false},"padding_mobile":{"unit":"px","top":"50","right":"10","bottom":"50","left":"10","isLinked":false},"background_gradient_angle":{"unit":"deg","size":110},"heading_color":"#052a44","color_text":"#616c75","color_link":"#0772b7","color_link_hover":"#0785bf","_title":"LP-CTA-BUTTON-34"},"elements":[{"id":"568a2b69","settings":{"_column_size":100,"_inline_size":null,"padding":{"unit":"px","top":"0","right":"0","bottom":"0","left":"0","isLinked":true},"padding_tablet":{"unit":"px","top":"0","right":"0","bottom":"0","left":"0","isLinked":true}},"elements":[{"id":"2872cef2","settings":{"structure":"20","margin":{"unit":"px","top":"0","right":0,"bottom":"0","left":0,"isLinked":true}},"elements":[{"id":"25a5b219","settings":{"_column_size":50,"_inline_size":null,"background_background":"classic","padding":{"unit":"px","top":"20","right":"40","bottom":"20","left":"20","isLinked":false},"padding_tablet":{"unit":"px","top":"10","right":"20","bottom":"10","left":"10","isLinked":false},"padding_mobile":{"unit":"px","top":"20","right":"10","bottom":"20","left":"10","isLinked":false},"content_position":"center","_inline_size_tablet":60},"elements":[{"id":"6c34f55b","settings":{"title":"OPTIONAL SUBHEADING","title_color":"#0785bf","header_size":"p","typography_typography":"custom","typography_letter_spacing":{"unit":"px","size":0.5},"typography_letter_spacing_mobile":{"unit":"px","size":0.3}},"elements":[],"isInner":false,"widgetType":"heading","elType":"widget"},{"id":"3486b59c","settings":{"title":"Use h2 or h3 heading","header_size":"h3"},"elements":[],"isInner":false,"widgetType":"heading","elType":"widget"},{"id":"7f8714aa","settings":{"editor":"<p>The recommended photo width here is 700 pixels.\u00a0I am text block. Click edit button to change this text.<\/p>"},"elements":[],"isInner":false,"widgetType":"text-editor","elType":"widget"},{"id":"446da99f","settings":{"text":"Clickable Button","size":"lg","align_mobile":"justify","button_text_color":"#ffffff","background_color":"#0772b7","hover_color":"#ffffff","button_background_hover_color":"#0785bf","border_radius":{"unit":"px","top":"35","right":"35","bottom":"35","left":"35","isLinked":true}},"elements":[],"isInner":false,"widgetType":"button","elType":"widget"}],"isInner":true,"elType":"column"},{"id":"60e2016d","settings":{"_column_size":50,"_inline_size":null,"background_background":"classic","padding":{"unit":"px","top":"20","right":"20","bottom":"20","left":"20","isLinked":true},"padding_tablet":{"unit":"px","top":"10","right":"10","bottom":"10","left":"10","isLinked":true},"padding_mobile":{"unit":"px","top":"20","right":"10","bottom":"20","left":"10","isLinked":false},"_inline_size_tablet":40},"elements":[{"id":"14de9487","settings":{"image_size":"medium_large","image_box_shadow_box_shadow":{"horizontal":0,"vertical":0,"blur":10,"spread":0,"inset":"","color":"rgba(0,0,0,0.25)"},"align_mobile":"center","image_border_radius":{"unit":"px","top":"5","right":"5","bottom":"5","left":"5","isLinked":true},"image":{"url":"https:\/\/www.divi01.com\/wp-content\/uploads\/placeholder-700x450.jpg","id":31963},"image_box_shadow_box_shadow_type":"yes"},"elements":[],"isInner":false,"widgetType":"image","elType":"widget"}],"isInner":true,"elType":"column"}],"isInner":true,"elType":"section"}],"isInner":false,"elType":"column"}],"isInner":false,"elType":"section"},{"id":"259762f5","settings":{"background_background":"classic","background_color":"#f4f6f7","padding":{"unit":"px","top":"100","right":"50","bottom":"100","left":"50","isLinked":false},"padding_tablet":{"unit":"px","top":"80","right":"30","bottom":"80","left":"30","isLinked":false},"padding_mobile":{"unit":"px","top":"50","right":"10","bottom":"50","left":"10","isLinked":false},"background_gradient_angle":{"unit":"deg","size":110},"heading_color":"#052a44","color_text":"#616c75","color_link":"#0772b7","color_link_hover":"#0785bf","_title":"LP-CTA-BUTTON-34"},"elements":[{"id":"7ec7257a","settings":{"_column_size":100,"_inline_size":null,"padding":{"unit":"px","top":"0","right":"0","bottom":"0","left":"0","isLinked":true},"padding_tablet":{"unit":"px","top":"0","right":"0","bottom":"0","left":"0","isLinked":true}},"elements":[{"id":"2e0e26e6","settings":{"structure":"20","margin":{"unit":"px","top":"0","right":0,"bottom":"0","left":0,"isLinked":true}},"elements":[{"id":"2c017ecd","settings":{"_column_size":50,"_inline_size":null,"background_background":"classic","padding":{"unit":"px","top":"20","right":"20","bottom":"20","left":"20","isLinked":true},"padding_tablet":{"unit":"px","top":"10","right":"10","bottom":"10","left":"10","isLinked":true},"padding_mobile":{"unit":"px","top":"20","right":"10","bottom":"20","left":"10","isLinked":false},"_inline_size_tablet":40},"elements":[{"id":"62c6bfbe","settings":{"image_size":"medium_large","image_box_shadow_box_shadow":{"horizontal":0,"vertical":0,"blur":10,"spread":0,"inset":"","color":"rgba(0,0,0,0.25)"},"align_mobile":"center","image_border_radius":{"unit":"px","top":"5","right":"5","bottom":"5","left":"5","isLinked":true},"image":{"url":"https:\/\/www.divi01.com\/wp-content\/uploads\/placeholder-700x450.jpg","id":31963},"image_box_shadow_box_shadow_type":"yes"},"elements":[],"isInner":false,"widgetType":"image","elType":"widget"}],"isInner":true,"elType":"column"},{"id":"4e6699d7","settings":{"_column_size":50,"_inline_size":null,"background_background":"classic","padding":{"unit":"px","top":"20","right":"20","bottom":"20","left":"40","isLinked":false},"padding_tablet":{"unit":"px","top":"10","right":"10","bottom":"10","left":"20","isLinked":false},"padding_mobile":{"unit":"px","top":"20","right":"10","bottom":"20","left":"10","isLinked":false},"content_position":"center","_inline_size_tablet":60},"elements":[{"id":"73cb01a5","settings":{"title":"OPTIONAL SUBHEADING","title_color":"#0785bf","header_size":"p","typography_typography":"custom","typography_letter_spacing":{"unit":"px","size":0.5},"typography_letter_spacing_mobile":{"unit":"px","size":0.3}},"elements":[],"isInner":false,"widgetType":"heading","elType":"widget"},{"id":"78aea695","settings":{"title":"Use h2 or h3 heading","header_size":"h3"},"elements":[],"isInner":false,"widgetType":"heading","elType":"widget"},{"id":"34785be0","settings":{"editor":"<p>The recommended photo width here is 700 pixels.\u00a0I am text block. Click edit button to change this text.<\/p>"},"elements":[],"isInner":false,"widgetType":"text-editor","elType":"widget"},{"id":"774e472b","settings":{"text":"Clickable Button","size":"lg","align_mobile":"justify","button_text_color":"#ffffff","background_color":"#0772b7","hover_color":"#ffffff","button_background_hover_color":"#0785bf","border_radius":{"unit":"px","top":"35","right":"35","bottom":"35","left":"35","isLinked":true}},"elements":[],"isInner":false,"widgetType":"button","elType":"widget"}],"isInner":true,"elType":"column"}],"isInner":true,"elType":"section"}],"isInner":false,"elType":"column"}],"isInner":false,"elType":"section"},{"id":"28c23e57","settings":{"background_background":"classic","background_color":"#ffffff","padding":{"unit":"px","top":"100","right":"50","bottom":"100","left":"50","isLinked":false},"padding_tablet":{"unit":"px","top":"80","right":"30","bottom":"80","left":"30","isLinked":false},"padding_mobile":{"unit":"px","top":"50","right":"10","bottom":"50","left":"10","isLinked":false},"background_gradient_angle":{"unit":"deg","size":110},"heading_color":"#052a44","color_text":"#616c75","color_link":"#0772b7","color_link_hover":"#0785bf","_title":"LP-CTA-BUTTON-34"},"elements":[{"id":"667f34db","settings":{"_column_size":100,"_inline_size":null,"padding":{"unit":"px","top":"0","right":"0","bottom":"0","left":"0","isLinked":true},"padding_tablet":{"unit":"px","top":"0","right":"0","bottom":"0","left":"0","isLinked":true}},"elements":[{"id":"7f466331","settings":{"structure":"20","margin":{"unit":"px","top":"0","right":0,"bottom":"0","left":0,"isLinked":true}},"elements":[{"id":"653748e5","settings":{"_column_size":50,"_inline_size":null,"background_background":"classic","padding":{"unit":"px","top":"20","right":"40","bottom":"20","left":"20","isLinked":false},"padding_tablet":{"unit":"px","top":"10","right":"20","bottom":"10","left":"10","isLinked":false},"padding_mobile":{"unit":"px","top":"20","right":"10","bottom":"20","left":"10","isLinked":false},"content_position":"center","_inline_size_tablet":60},"elements":[{"id":"182360e5","settings":{"title":"OPTIONAL SUBHEADING","title_color":"#0785bf","header_size":"p","typography_typography":"custom","typography_letter_spacing":{"unit":"px","size":0.5},"typography_letter_spacing_mobile":{"unit":"px","size":0.3}},"elements":[],"isInner":false,"widgetType":"heading","elType":"widget"},{"id":"65c3f544","settings":{"title":"Use h2 or h3 heading","header_size":"h3"},"elements":[],"isInner":false,"widgetType":"heading","elType":"widget"},{"id":"119bedc2","settings":{"editor":"<p>The recommended photo width here is 700 pixels.\u00a0I am text block. Click edit button to change this text.<\/p>"},"elements":[],"isInner":false,"widgetType":"text-editor","elType":"widget"},{"id":"89bbf19","settings":{"text":"Clickable Button","size":"lg","align_mobile":"justify","button_text_color":"#ffffff","background_color":"#0772b7","hover_color":"#ffffff","button_background_hover_color":"#0785bf","border_radius":{"unit":"px","top":"35","right":"35","bottom":"35","left":"35","isLinked":true}},"elements":[],"isInner":false,"widgetType":"button","elType":"widget"}],"isInner":true,"elType":"column"},{"id":"73b097fe","settings":{"_column_size":50,"_inline_size":null,"background_background":"classic","padding":{"unit":"px","top":"20","right":"20","bottom":"20","left":"20","isLinked":true},"padding_tablet":{"unit":"px","top":"10","right":"10","bottom":"10","left":"10","isLinked":true},"padding_mobile":{"unit":"px","top":"20","right":"10","bottom":"20","left":"10","isLinked":false},"_inline_size_tablet":40},"elements":[{"id":"3d08cd64","settings":{"image_size":"medium_large","image_box_shadow_box_shadow":{"horizontal":0,"vertical":0,"blur":10,"spread":0,"inset":"","color":"rgba(0,0,0,0.25)"},"align_mobile":"center","image_border_radius":{"unit":"px","top":"5","right":"5","bottom":"5","left":"5","isLinked":true},"image":{"url":"https:\/\/www.divi01.com\/wp-content\/uploads\/placeholder-700x450.jpg","id":31963},"image_box_shadow_box_shadow_type":"yes"},"elements":[],"isInner":false,"widgetType":"image","elType":"widget"}],"isInner":true,"elType":"column"}],"isInner":true,"elType":"section"}],"isInner":false,"elType":"column"}],"isInner":false,"elType":"section"},{"id":"2b617500","settings":{"background_background":"gradient","padding":{"unit":"px","top":"100","right":"50","bottom":"100","left":"50","isLinked":false},"padding_tablet":{"unit":"px","top":"80","right":"30","bottom":"80","left":"30","isLinked":false},"padding_mobile":{"unit":"px","top":"50","right":"10","bottom":"50","left":"10","isLinked":false},"background_gradient_angle":{"unit":"deg","size":90},"background_color":"#0785bf","background_color_b":"#0360b2","heading_color":"#ffffff","color_text":"rgba(255,255,255,0.85)","color_link":"#18c3dd","color_link_hover":"#0eb1d6","_title":"LP-CTA-MAILCHIMP-01"},"elements":[{"id":"7803d544","settings":{"_column_size":100,"_inline_size":null,"padding":{"unit":"px","top":"0","right":"0","bottom":"0","left":"0","isLinked":true},"padding_tablet":{"unit":"px","top":"0","right":"0","bottom":"0","left":"0","isLinked":true}},"elements":[{"id":"c7caab1","settings":{"margin":{"unit":"px","top":"0","right":0,"bottom":"0","left":0,"isLinked":true},"content_width":{"unit":"px","size":740}},"elements":[{"id":"2eea60d","settings":{"_column_size":100,"_inline_size":null,"background_background":"classic","padding":{"unit":"px","top":"20","right":"20","bottom":"20","left":"20","isLinked":true},"padding_tablet":{"unit":"px","top":"10","right":"10","bottom":"10","left":"10","isLinked":true},"padding_mobile":{"unit":"px","top":"20","right":"10","bottom":"20","left":"10","isLinked":false}},"elements":[{"id":"7817017f","settings":{"title":"OPTIONAL SUBHEADING","align":"center","title_color":"#18c3dd","header_size":"p","typography_typography":"custom","typography_letter_spacing":{"unit":"px","size":0.5},"typography_letter_spacing_mobile":{"unit":"px","size":0.3}},"elements":[],"isInner":false,"widgetType":"heading","elType":"widget"},{"id":"52b42a37","settings":{"title":"Use h2 or h3 heading","align":"center"},"elements":[],"isInner":false,"widgetType":"heading","elType":"widget"},{"id":"5d48f3f4","settings":{"editor":"<p>I am text block. Click edit button to change this text. Lorem ipsum dolor sit amet, consectetur adipiscing elit. Ut elit tellus, luctus nec ullamcorper mattis.<\/p>","align":"center"},"elements":[],"isInner":false,"widgetType":"text-editor","elType":"widget"},{"id":"779e1629","settings":{"space":{"unit":"px","size":"15"},"space_tablet":{"unit":"px","size":"10"},"space_mobile":{"unit":"px","size":"5"}},"elements":[],"isInner":false,"widgetType":"spacer","elType":"widget"},{"id":"1721d3d6","settings":{"form_name":"New Form","form_fields":[{"_id":"email","field_type":"email","required":"true","field_label":"Email","placeholder":"Enter your email","width":"","field_value":"","field_options":"","inline_list":"","width_tablet":"","width_mobile":"","rows":4,"recaptcha_size":"normal","recaptcha_style":"light","css_classes":"","file_sizes":"","file_types":"","allow_multiple_upload":"","max_files":"","acceptance_text":"","checked_by_default":"","field_min":"","field_max":"","min_date":"","max_date":"","use_native_date":"","use_native_time":"","allow_multiple":"","select_size":"","field_html":""}],"input_size":"lg","show_labels":"","button_text":"Send Me Updates","button_size":"lg","button_width":"","submit_actions":["mailchimp"],"email_content":"[all-fields]","email_content_2":"[all-fields]","custom_messages":"yes","success_message":"Success!","error_message":"There's something wrong... Please fill in the required fields.","required_field_message":"Required","invalid_message":"There's something wrong... The form is invalid.","label_color":"#ffffff","button_text_color":"#ffffff","button_background_color":"#18c3dd","button_border_radius":{"unit":"px","top":"35","right":"35","bottom":"35","left":"35","isLinked":true},"button_hover_color":"#ffffff","button_background_hover_color":"#0eb1d6","button_align_mobile":"stretch","subscriber_already_exists_message":"Subscriber already exist.","label_typography_typography":"custom","label_typography_font_weight":"bold","field_typography_typography":"custom","_padding":{"unit":"px","top":"0","right":"100","bottom":"0","left":"100","isLinked":false},"_padding_tablet":{"unit":"px","top":"0","right":"75","bottom":"0","left":"75","isLinked":false},"_padding_mobile":{"unit":"px","top":"0","right":"0","bottom":"0","left":"0","isLinked":true},"field_border_color":"rgba(7,133,191,0.25)","field_border_radius":{"unit":"px","top":"5","right":"5","bottom":"5","left":"5","isLinked":true},"success_message_color":"#ffffff","error_message_color":"#ffffff","inline_message_color":"#ffffff"},"elements":[],"isInner":false,"widgetType":"form","elType":"widget"}],"isInner":true,"elType":"column"}],"isInner":true,"elType":"section"}],"isInner":false,"elType":"column"}],"isInner":false,"elType":"section"}]}