{"version":"0.4","title":"LP-PAGE-pricing-13-light-hero","type":"page","content":[{"id":"def9858","settings":{"background_background":"classic","background_color":"#f4f6f7","padding":{"unit":"px","top":"100","right":"50","bottom":"100","left":"50","isLinked":false},"padding_tablet":{"unit":"px","top":"80","right":"30","bottom":"80","left":"30","isLinked":false},"padding_mobile":{"unit":"px","top":"50","right":"10","bottom":"50","left":"10","isLinked":false},"background_gradient_angle":{"unit":"deg","size":90},"heading_color":"#052a44","color_text":"#616c75","color_link":"#0772b7","color_link_hover":"#0785bf","_title":"LP-PRICING-16"},"elements":[{"id":"4bcf56af","settings":{"_column_size":100,"_inline_size":null,"padding":{"unit":"px","top":"0","right":"0","bottom":"0","left":"0","isLinked":true},"padding_tablet":{"unit":"px","top":"0","right":"0","bottom":"0","left":"0","isLinked":true}},"elements":[{"id":"633114b2","settings":{"margin":{"unit":"px","top":"0","right":0,"bottom":"0","left":0,"isLinked":true},"content_width":{"unit":"px","size":900}},"elements":[{"id":"51cc7f7b","settings":{"_column_size":100,"_inline_size":null,"padding_mobile":{"unit":"px","top":"20","right":"10","bottom":"20","left":"10","isLinked":false},"padding":{"unit":"px","top":"20","right":"20","bottom":"20","left":"20","isLinked":true},"padding_tablet":{"unit":"px","top":"10","right":"10","bottom":"10","left":"10","isLinked":true}},"elements":[{"id":"841d386","settings":{"title":"This is an h1 title for the header of your page","align":"center","header_size":"h1"},"elements":[],"isInner":false,"widgetType":"heading","elType":"widget"},{"id":"4ad40e9f","settings":{"editor":"<p>I am text block. Click edit button to change this text. Lorem ipsum dolor sit amet, consectetur adipiscing elit. Ut elit tellus, luctus nec ullamcorpero.<\/p>","align":"center"},"elements":[],"isInner":false,"widgetType":"text-editor","elType":"widget"},{"id":"727375fa","settings":{"space":{"unit":"px","size":30},"space_tablet":{"unit":"px","size":20},"space_mobile":{"unit":"px","size":10}},"elements":[],"isInner":false,"widgetType":"spacer","elType":"widget"}],"isInner":true,"elType":"column"}],"isInner":true,"elType":"section"},{"id":"4232bb40","settings":{"structure":"30","margin":{"unit":"px","top":"0","right":0,"bottom":"0","left":0,"isLinked":true}},"elements":[{"id":"3b93e23f","settings":{"_column_size":33,"_inline_size":null,"background_background":"classic","background_gradient_angle":{"unit":"deg","size":"110"},"border_radius":{"unit":"px","top":"5","right":"5","bottom":"5","left":"5","isLinked":true},"margin":{"unit":"px","top":"20","right":"20","bottom":"20","left":"20","isLinked":true},"margin_mobile":{"unit":"px","top":"20","right":"10","bottom":"20","left":"10","isLinked":false},"margin_tablet":{"unit":"px","top":"10","right":"10","bottom":"10","left":"10","isLinked":true},"box_shadow_box_shadow":{"horizontal":0,"vertical":0,"blur":10,"spread":0,"color":"rgba(0,0,0,0.25)"},"padding":{"unit":"px","top":"0","right":"0","bottom":"0","left":"0","isLinked":true}},"elements":[{"id":"2e0972db","settings":{"heading":"BASIC","sub_heading":"One-Time Fee","price":"39","original_price":"","period":"","features_list":[{"item_text":"List Item","item_icon":"fa fa-check","_id":"ydb6aow","item_icon_color":"#0772b7"},{"item_text":"List Item","item_icon":"fa fa-check","_id":"236add6","item_icon_color":"#0772b7"},{"item_text":"List Item","item_icon":"fa fa-check","_id":"e2a7dd7","item_icon_color":"#0772b7"}],"button_text":"Buy Now","footer_additional_info":"Optional text","show_ribbon":"","ribbon_title":"Popular","header_bg_color":"#0785bf","header_padding":{"unit":"px","top":"20","right":"0","bottom":"20","left":"0","isLinked":false},"sub_heading_color":"rgba(255,255,255,0.85)","pricing_element_bg_color":"#ffffff","pricing_element_padding":{"unit":"px","top":"30","right":"0","bottom":"30","left":"0","isLinked":false},"price_color":"#0772b7","features_list_padding":{"unit":"px","top":"0","right":"0","bottom":"0","left":"0","isLinked":false},"features_list_alignment":"center","divider_weight":{"unit":"px","size":1},"footer_padding":{"unit":"px","top":"30","right":"0","bottom":"30","left":"0","isLinked":false},"button_size":"lg","_border_radius":{"unit":"px","top":"5","right":"5","bottom":"5","left":"5","isLinked":true},"_background_background":"classic","_background_color":"rgba(255,255,255,0)","divider_color":"#f4f6f7","button_text_color":"#ffffff","button_background_color":"#0772b7","button_border_radius":{"unit":"px","top":"35","right":"35","bottom":"35","left":"35","isLinked":true},"button_hover_color":"#ffffff","button_background_hover_color":"#0785bf","heading_color":"#ffffff","features_list_bg_color":"#ffffff","footer_bg_color":"#ffffff","price_typography_typography":"custom","_box_shadow_box_shadow_type":"yes","_box_shadow_box_shadow":{"horizontal":0,"vertical":0,"blur":5,"spread":0,"color":"rgba(0,0,0,0.1)"}},"elements":[],"isInner":false,"widgetType":"price-table","elType":"widget"}],"isInner":true,"elType":"column"},{"id":"2c2b1224","settings":{"_column_size":33,"_inline_size":null,"background_background":"classic","background_gradient_angle":{"unit":"deg","size":"110"},"border_radius":{"unit":"px","top":"5","right":"5","bottom":"5","left":"5","isLinked":true},"margin":{"unit":"px","top":"20","right":"20","bottom":"20","left":"20","isLinked":true},"margin_mobile":{"unit":"px","top":"20","right":"10","bottom":"20","left":"10","isLinked":false},"margin_tablet":{"unit":"px","top":"10","right":"10","bottom":"10","left":"10","isLinked":true},"box_shadow_box_shadow":{"horizontal":0,"vertical":0,"blur":10,"spread":0,"color":"rgba(0,0,0,0.25)"},"padding":{"unit":"px","top":"0","right":"0","bottom":"0","left":"0","isLinked":true}},"elements":[{"id":"549252df","settings":{"heading":"PRO","sub_heading":"One-Time Fee","price":"79","original_price":"","period":"","features_list":[{"item_text":"List Item","item_icon":"fa fa-check","_id":"ydb6aow","item_icon_color":"#0772b7"},{"item_text":"List Item","item_icon":"fa fa-check","_id":"5eb663e","item_icon_color":"#0772b7"},{"item_text":"List Item","item_icon":"fa fa-check","_id":"cc64ab8","item_icon_color":"#0772b7"},{"item_text":"List Item","item_icon":"fa fa-check","_id":"130a371","item_icon_color":"#0772b7"},{"item_text":"List Item","item_icon":"fa fa-check","_id":"59946c4","item_icon_color":"#0772b7"}],"button_text":"Buy Now","footer_additional_info":"Optional text","show_ribbon":"","ribbon_title":"Popular","header_bg_color":"#0785bf","header_padding":{"unit":"px","top":"20","right":"0","bottom":"20","left":"0","isLinked":false},"sub_heading_color":"rgba(255,255,255,0.85)","pricing_element_bg_color":"#ffffff","pricing_element_padding":{"unit":"px","top":"30","right":"0","bottom":"30","left":"0","isLinked":false},"price_color":"#0772b7","features_list_padding":{"unit":"px","top":"0","right":"0","bottom":"0","left":"0","isLinked":false},"features_list_alignment":"center","divider_weight":{"unit":"px","size":1},"footer_padding":{"unit":"px","top":"30","right":"0","bottom":"30","left":"0","isLinked":false},"button_size":"lg","_border_radius":{"unit":"px","top":"5","right":"5","bottom":"5","left":"5","isLinked":true},"_background_background":"classic","_background_color":"rgba(255,255,255,0)","divider_color":"#f4f6f7","button_text_color":"#ffffff","button_background_color":"#0772b7","button_border_radius":{"unit":"px","top":"35","right":"35","bottom":"35","left":"35","isLinked":true},"button_hover_color":"#ffffff","button_background_hover_color":"#0785bf","heading_color":"#ffffff","features_list_bg_color":"#ffffff","footer_bg_color":"#ffffff","price_typography_typography":"custom","_box_shadow_box_shadow_type":"yes","_box_shadow_box_shadow":{"horizontal":0,"vertical":0,"blur":5,"spread":0,"color":"rgba(0,0,0,0.1)"}},"elements":[],"isInner":false,"widgetType":"price-table","elType":"widget"}],"isInner":true,"elType":"column"},{"id":"678eaa20","settings":{"_column_size":33,"_inline_size":null,"background_background":"classic","background_gradient_angle":{"unit":"deg","size":"110"},"border_radius":{"unit":"px","top":"5","right":"5","bottom":"5","left":"5","isLinked":true},"margin":{"unit":"px","top":"20","right":"20","bottom":"20","left":"20","isLinked":true},"margin_mobile":{"unit":"px","top":"20","right":"10","bottom":"20","left":"10","isLinked":false},"margin_tablet":{"unit":"px","top":"10","right":"10","bottom":"10","left":"10","isLinked":true},"box_shadow_box_shadow":{"horizontal":0,"vertical":0,"blur":10,"spread":0,"color":"rgba(0,0,0,0.25)"},"padding":{"unit":"px","top":"0","right":"0","bottom":"0","left":"0","isLinked":true}},"elements":[{"id":"455749c3","settings":{"heading":"ULTIMATE","sub_heading":"One-Time Fee","price":"199","original_price":"","period":"","features_list":[{"item_text":"List Item","item_icon":"fa fa-check","_id":"ydb6aow","item_icon_color":"#0772b7"},{"item_text":"List Item","item_icon":"fa fa-check","_id":"638320a","item_icon_color":"#0772b7"},{"item_text":"List Item","item_icon":"fa fa-check","_id":"db6449d","item_icon_color":"#0772b7"},{"item_text":"List Item","item_icon":"fa fa-check","_id":"11f184d","item_icon_color":"#0772b7"},{"item_text":"List Item","item_icon":"fa fa-check","_id":"d3d714f","item_icon_color":"#0772b7"},{"item_text":"List Item","item_icon":"fa fa-check","_id":"2441d2b","item_icon_color":"#0772b7"},{"item_text":"List Item","item_icon":"fa fa-check","_id":"0d0763e","item_icon_color":"#0772b7"}],"button_text":"Buy Now","footer_additional_info":"Optional text","show_ribbon":"","ribbon_title":"Popular","header_bg_color":"#0785bf","header_padding":{"unit":"px","top":"20","right":"0","bottom":"20","left":"0","isLinked":false},"sub_heading_color":"rgba(255,255,255,0.85)","pricing_element_bg_color":"#ffffff","pricing_element_padding":{"unit":"px","top":"30","right":"0","bottom":"30","left":"0","isLinked":false},"price_color":"#0772b7","features_list_padding":{"unit":"px","top":"0","right":"0","bottom":"0","left":"0","isLinked":false},"features_list_alignment":"center","divider_weight":{"unit":"px","size":1},"footer_padding":{"unit":"px","top":"30","right":"0","bottom":"30","left":"0","isLinked":false},"button_size":"lg","_border_radius":{"unit":"px","top":"5","right":"5","bottom":"5","left":"5","isLinked":true},"_background_background":"classic","_background_color":"rgba(255,255,255,0)","divider_color":"#f4f6f7","button_text_color":"#ffffff","button_background_color":"#0772b7","button_border_radius":{"unit":"px","top":"35","right":"35","bottom":"35","left":"35","isLinked":true},"button_hover_color":"#ffffff","button_background_hover_color":"#0785bf","heading_color":"#ffffff","features_list_bg_color":"#ffffff","footer_bg_color":"#ffffff","price_typography_typography":"custom","_box_shadow_box_shadow_type":"yes","_box_shadow_box_shadow":{"horizontal":0,"vertical":0,"blur":5,"spread":0,"color":"rgba(0,0,0,0.1)"}},"elements":[],"isInner":false,"widgetType":"price-table","elType":"widget"}],"isInner":true,"elType":"column"}],"isInner":true,"elType":"section"}],"isInner":false,"elType":"column"}],"isInner":false,"elType":"section"},{"id":"13c29e2f","settings":{"background_background":"classic","background_color":"#ffffff","padding":{"unit":"px","top":"100","right":"50","bottom":"100","left":"50","isLinked":false},"padding_tablet":{"unit":"px","top":"80","right":"30","bottom":"80","left":"30","isLinked":false},"padding_mobile":{"unit":"px","top":"50","right":"10","bottom":"50","left":"10","isLinked":false},"background_gradient_angle":{"unit":"deg","size":90},"heading_color":"#052a44","color_text":"#616c75","color_link":"#0772b7","color_link_hover":"#0785bf","_title":"LP-TESTIMONIAL-07"},"elements":[{"id":"2f206d6e","settings":{"_column_size":100,"_inline_size":null,"padding":{"unit":"px","top":"0","right":"0","bottom":"0","left":"0","isLinked":true},"padding_tablet":{"unit":"px","top":"0","right":"0","bottom":"0","left":"0","isLinked":true}},"elements":[{"id":"2880edac","settings":{"structure":"21","margin":{"unit":"px","top":"0","right":0,"bottom":"0","left":0,"isLinked":true},"reverse_order_mobile":"reverse-mobile"},"elements":[{"id":"35b01515","settings":{"_column_size":33,"_inline_size":40,"background_background":"classic","padding":{"unit":"px","top":"20","right":"20","bottom":"20","left":"20","isLinked":true},"padding_tablet":{"unit":"px","top":"10","right":"10","bottom":"10","left":"10","isLinked":false},"padding_mobile":{"unit":"px","top":"20","right":"10","bottom":"20","left":"10","isLinked":false},"_inline_size_tablet":40,"content_position":"top"},"elements":[{"id":"40fbe4d9","settings":{"image_size":"medium_large","image_box_shadow_box_shadow":{"horizontal":0,"vertical":0,"blur":10,"spread":0,"inset":"","color":"rgba(0,0,0,0.25)"},"align_mobile":"center","image_border_radius":{"unit":"px","top":"5","right":"5","bottom":"5","left":"5","isLinked":true},"image":{"url":"https:\/\/www.divi01.com\/wp-content\/uploads\/placeholder-700x450.jpg","id":31963},"image_box_shadow_box_shadow_type":"yes"},"elements":[],"isInner":false,"widgetType":"image","elType":"widget"}],"isInner":true,"elType":"column"},{"id":"60db5d5b","settings":{"_column_size":66,"_inline_size":59.64,"background_background":"classic","padding":{"unit":"px","top":"20","right":"20","bottom":"20","left":"40","isLinked":false},"padding_tablet":{"unit":"px","top":"10","right":"10","bottom":"10","left":"20","isLinked":false},"padding_mobile":{"unit":"px","top":"20","right":"10","bottom":"20","left":"10","isLinked":false},"content_position":"center","_inline_size_tablet":60},"elements":[{"id":"6faf5e99","settings":{"icon":"fa fa-quote-left","align":"","primary_color":"#0785bf"},"elements":[],"isInner":false,"widgetType":"icon","elType":"widget"},{"id":"39abd0d4","settings":{"title":"The recommended photo width here is 700 pixels.\u00a0I am text block. Click edit button to change this text. Lorem ipsum dolor sit amet, consectetur adipiscing elit. Ut elit tellus, luctus nec ullamcorper mattis.","header_size":"p","typography_typography":"custom","typography_font_size":{"unit":"em","size":1.3},"typography_font_size_tablet":{"unit":"em","size":1.3},"typography_font_size_mobile":{"unit":"em","size":1.2},"typography_font_style":"italic","typography_line_height":{"unit":"em","size":1.5}},"elements":[],"isInner":false,"widgetType":"heading","elType":"widget"},{"id":"2e4eb41d","settings":{"editor":"<p>- Emma, Company Name<\/p>","align":"left"},"elements":[],"isInner":false,"widgetType":"text-editor","elType":"widget"}],"isInner":true,"elType":"column"}],"isInner":true,"elType":"section"}],"isInner":false,"elType":"column"}],"isInner":false,"elType":"section"},{"id":"67c8bab7","settings":{"background_background":"classic","background_color":"#f4f6f7","padding":{"unit":"px","top":"100","right":"50","bottom":"100","left":"50","isLinked":false},"padding_tablet":{"unit":"px","top":"80","right":"30","bottom":"80","left":"30","isLinked":false},"padding_mobile":{"unit":"px","top":"50","right":"10","bottom":"50","left":"10","isLinked":false},"background_gradient_angle":{"unit":"deg","size":90},"heading_color":"#052a44","color_text":"#616c75","color_link":"#0772b7","color_link_hover":"#0785bf","_title":"LP-TESTIMONIAL-07"},"elements":[{"id":"664c4391","settings":{"_column_size":100,"_inline_size":null,"padding":{"unit":"px","top":"0","right":"0","bottom":"0","left":"0","isLinked":true},"padding_tablet":{"unit":"px","top":"0","right":"0","bottom":"0","left":"0","isLinked":true}},"elements":[{"id":"25c369e1","settings":{"structure":"22","margin":{"unit":"px","top":"0","right":0,"bottom":"0","left":0,"isLinked":true}},"elements":[{"id":"69742480","settings":{"_column_size":66,"_inline_size":59.64,"background_background":"classic","padding":{"unit":"px","top":"20","right":"40","bottom":"20","left":"20","isLinked":false},"padding_tablet":{"unit":"px","top":"10","right":"20","bottom":"10","left":"10","isLinked":false},"padding_mobile":{"unit":"px","top":"20","right":"10","bottom":"20","left":"10","isLinked":false},"content_position":"center","_inline_size_tablet":60},"elements":[{"id":"5c5873c8","settings":{"icon":"fa fa-quote-left","align":"","primary_color":"#0785bf"},"elements":[],"isInner":false,"widgetType":"icon","elType":"widget"},{"id":"337bb520","settings":{"title":"The recommended photo width here is 700 pixels.\u00a0I am text block. Click edit button to change this text. Lorem ipsum dolor sit amet, consectetur adipiscing elit. Ut elit tellus, luctus nec ullamcorper mattis.","header_size":"p","typography_typography":"custom","typography_font_size":{"unit":"em","size":1.3},"typography_font_size_tablet":{"unit":"em","size":1.3},"typography_font_size_mobile":{"unit":"em","size":1.2},"typography_font_style":"italic","typography_line_height":{"unit":"em","size":1.5}},"elements":[],"isInner":false,"widgetType":"heading","elType":"widget"},{"id":"46945fea","settings":{"editor":"<p>- Emma, Company Name<\/p>","align":"left"},"elements":[],"isInner":false,"widgetType":"text-editor","elType":"widget"}],"isInner":true,"elType":"column"},{"id":"5f86e731","settings":{"_column_size":33,"_inline_size":40,"background_background":"classic","padding":{"unit":"px","top":"20","right":"20","bottom":"20","left":"20","isLinked":true},"padding_tablet":{"unit":"px","top":"10","right":"10","bottom":"10","left":"10","isLinked":false},"padding_mobile":{"unit":"px","top":"20","right":"10","bottom":"20","left":"10","isLinked":false},"_inline_size_tablet":40,"content_position":"top"},"elements":[{"id":"6cb25dfe","settings":{"image_border_radius":{"unit":"px","top":"5","right":"5","bottom":"5","left":"5","isLinked":true},"image":{"url":"https:\/\/www.divi01.com\/wp-content\/uploads\/placeholder-700x450.jpg","id":31963},"image_box_shadow_box_shadow_type":"yes","image_box_shadow_box_shadow":{"horizontal":0,"vertical":0,"blur":10,"spread":0,"color":"rgba(0,0,0,0.25)"}},"elements":[],"isInner":false,"widgetType":"image","elType":"widget"}],"isInner":true,"elType":"column"}],"isInner":true,"elType":"section"}],"isInner":false,"elType":"column"}],"isInner":false,"elType":"section"},{"id":"3a806635","settings":{"background_background":"gradient","background_color":"#0785bf","padding":{"unit":"px","top":"100","right":"50","bottom":"100","left":"50","isLinked":false},"padding_tablet":{"unit":"px","top":"80","right":"30","bottom":"80","left":"30","isLinked":false},"padding_mobile":{"unit":"px","top":"50","right":"10","bottom":"50","left":"10","isLinked":false},"background_gradient_angle":{"unit":"deg","size":90},"background_color_b":"#0360b2","heading_color":"#ffffff","color_text":"rgba(255,255,255,0.85)","color_link":"#18c3dd","color_link_hover":"#0eb1d6","_title":"LP-TEAM-01"},"elements":[{"id":"32f43e8b","settings":{"_column_size":100,"_inline_size":null,"padding":{"unit":"px","top":"0","right":"0","bottom":"0","left":"0","isLinked":true},"padding_tablet":{"unit":"px","top":"0","right":"0","bottom":"0","left":"0","isLinked":true}},"elements":[{"id":"285ae012","settings":{"margin":{"unit":"px","top":"0","right":0,"bottom":"0","left":0,"isLinked":true},"content_width":{"unit":"px","size":740}},"elements":[{"id":"75291c72","settings":{"_column_size":100,"_inline_size":null,"background_background":"classic","padding":{"unit":"px","top":"20","right":"20","bottom":"20","left":"20","isLinked":true},"padding_tablet":{"unit":"px","top":"10","right":"10","bottom":"10","left":"10","isLinked":false},"padding_mobile":{"unit":"px","top":"20","right":"10","bottom":"20","left":"10","isLinked":false},"content_position":"top"},"elements":[{"id":"70977880","settings":{"title":"About Emma","align":"center","header_size":"h3"},"elements":[],"isInner":false,"widgetType":"heading","elType":"widget"},{"id":"58bfb98c","settings":{"title":"Co-Founder","align":"center","header_size":"p","typography_typography":"custom","typography_font_style":"italic"},"elements":[],"isInner":false,"widgetType":"heading","elType":"widget"},{"id":"39953a32","settings":{"editor":"<p>The recommended photo size here is 300 x 300 pixels. Square photos will automatically appear as circles. I am text block. Click edit button to change this text.<\/p>","align":"center"},"elements":[],"isInner":false,"widgetType":"text-editor","elType":"widget"},{"id":"53c88d32","settings":{"image_border_radius":{"unit":"%","top":"50","right":"50","bottom":"50","left":"50","isLinked":true},"image_box_shadow_box_shadow":{"horizontal":0,"vertical":0,"blur":10,"spread":0,"inset":"","color":"rgba(0,0,0,0.5)"},"image_size":"medium","image":{"url":"https:\/\/www.divi01.com\/wp-content\/uploads\/placeholder-300x300.jpg","id":31960},"align_mobile":"center","space_mobile":{"unit":"%","size":75}},"elements":[],"isInner":false,"widgetType":"image","elType":"widget"},{"id":"6c92c67","settings":{"social_icon_list":[{"social":"fa fa-facebook","_id":"4zcj08t","link":{"url":"","is_external":"true","nofollow":""}},{"social":"fa fa-linkedin","_id":"oa1fy9u","link":{"url":"","is_external":"true","nofollow":""}},{"social":"fa fa-instagram","link":{"is_external":"true"},"_id":"r90yja2"}],"shape":"circle","icon_color":"custom","icon_primary_color":"#18c3dd","icon_size":{"unit":"px","size":15},"icon_secondary_color":"#ffffff","hover_primary_color":"#0eb1d6","hover_secondary_color":"#ffffff"},"elements":[],"isInner":false,"widgetType":"social-icons","elType":"widget"}],"isInner":true,"elType":"column"}],"isInner":true,"elType":"section"}],"isInner":false,"elType":"column"}],"isInner":false,"elType":"section"},{"id":"7f723029","settings":{"background_background":"classic","background_color":"#ffffff","padding":{"unit":"px","top":"100","right":"50","bottom":"100","left":"50","isLinked":false},"padding_tablet":{"unit":"px","top":"80","right":"30","bottom":"80","left":"30","isLinked":false},"padding_mobile":{"unit":"px","top":"50","right":"10","bottom":"50","left":"10","isLinked":false},"background_gradient_angle":{"unit":"deg","size":90},"heading_color":"#052a44","color_text":"#616c75","color_link":"#0772b7","color_link_hover":"#0785bf","_title":"LP-FAQ-07"},"elements":[{"id":"483fa500","settings":{"_column_size":100,"_inline_size":null,"padding":{"unit":"px","top":"0","right":"0","bottom":"0","left":"0","isLinked":true},"padding_tablet":{"unit":"px","top":"0","right":"0","bottom":"0","left":"0","isLinked":true}},"elements":[{"id":"1dd9228a","settings":{"margin":{"unit":"px","top":"0","right":0,"bottom":"0","left":0,"isLinked":true},"content_width":{"unit":"px","size":900}},"elements":[{"id":"64fbce4","settings":{"_column_size":100,"_inline_size":null,"background_background":"classic","padding":{"unit":"px","top":"20","right":"20","bottom":"20","left":"20","isLinked":true},"padding_tablet":{"unit":"px","top":"10","right":"10","bottom":"10","left":"10","isLinked":true},"padding_mobile":{"unit":"px","top":"20","right":"10","bottom":"20","left":"10","isLinked":false}},"elements":[{"id":"fe98a32","settings":{"title":"FAQ","align":"center"},"elements":[],"isInner":false,"widgetType":"heading","elType":"widget"},{"id":"7526f9cb","settings":{"space":{"unit":"px","size":30},"space_tablet":{"unit":"px","size":20},"space_mobile":{"unit":"px","size":10}},"elements":[],"isInner":false,"widgetType":"spacer","elType":"widget"}],"isInner":true,"elType":"column"}],"isInner":true,"elType":"section"},{"id":"184f9d24","settings":{"structure":"20","margin":{"unit":"px","top":"0","right":0,"bottom":"0","left":0,"isLinked":true}},"elements":[{"id":"d888124","settings":{"_column_size":50,"_inline_size":null,"background_background":"classic","padding":{"unit":"px","top":"20","right":"50","bottom":"20","left":"20","isLinked":false},"padding_tablet":{"unit":"px","top":"10","right":"20","bottom":"10","left":"10","isLinked":false},"padding_mobile":{"unit":"px","top":"20","right":"10","bottom":"20","left":"10","isLinked":false},"_inline_size_tablet":50},"elements":[{"id":"3622dea4","settings":{"title":"First question","header_size":"p","typography_typography":"custom","typography_font_weight":"bold"},"elements":[],"isInner":false,"widgetType":"heading","elType":"widget"},{"id":"3bffd1f9","settings":{"editor":"<p>I am text block. Click edit button to change this text. Lorem ipsum dolor sit amet, consectetur adipiscing.<\/p>"},"elements":[],"isInner":false,"widgetType":"text-editor","elType":"widget"}],"isInner":true,"elType":"column"},{"id":"6e63de7f","settings":{"_column_size":50,"_inline_size":null,"background_background":"classic","padding":{"unit":"px","top":"20","right":"20","bottom":"20","left":"50","isLinked":false},"padding_tablet":{"unit":"px","top":"10","right":"10","bottom":"10","left":"20","isLinked":false},"padding_mobile":{"unit":"px","top":"20","right":"10","bottom":"20","left":"10","isLinked":false},"_inline_size_tablet":50},"elements":[{"id":"6fceaf78","settings":{"title":"Next question","header_size":"p","typography_typography":"custom","typography_font_weight":"bold"},"elements":[],"isInner":false,"widgetType":"heading","elType":"widget"},{"id":"6a4e8617","settings":{"editor":"<p>I am text block. Click edit button to change this text. Lorem ipsum dolor sit amet, consectetur adipiscing.<\/p>"},"elements":[],"isInner":false,"widgetType":"text-editor","elType":"widget"}],"isInner":true,"elType":"column"}],"isInner":true,"elType":"section"},{"id":"399d06a4","settings":{"structure":"20","margin":{"unit":"px","top":"0","right":0,"bottom":"0","left":0,"isLinked":true}},"elements":[{"id":"74a810ec","settings":{"_column_size":50,"_inline_size":null,"background_background":"classic","padding":{"unit":"px","top":"20","right":"50","bottom":"20","left":"20","isLinked":false},"padding_tablet":{"unit":"px","top":"10","right":"20","bottom":"10","left":"10","isLinked":false},"padding_mobile":{"unit":"px","top":"20","right":"10","bottom":"20","left":"10","isLinked":false},"_inline_size_tablet":50},"elements":[{"id":"196ef385","settings":{"title":"Next question","header_size":"p","typography_typography":"custom","typography_font_weight":"bold"},"elements":[],"isInner":false,"widgetType":"heading","elType":"widget"},{"id":"2267caf","settings":{"editor":"<p>I am text block. Click edit button to change this text. Lorem ipsum dolor sit amet, consectetur adipiscing.<\/p>"},"elements":[],"isInner":false,"widgetType":"text-editor","elType":"widget"}],"isInner":true,"elType":"column"},{"id":"5e1c356c","settings":{"_column_size":50,"_inline_size":null,"background_background":"classic","padding":{"unit":"px","top":"20","right":"20","bottom":"20","left":"50","isLinked":false},"padding_tablet":{"unit":"px","top":"10","right":"10","bottom":"10","left":"20","isLinked":false},"padding_mobile":{"unit":"px","top":"20","right":"10","bottom":"20","left":"10","isLinked":false},"_inline_size_tablet":50},"elements":[{"id":"4ceaa8a6","settings":{"title":"Next question","header_size":"p","typography_typography":"custom","typography_font_weight":"bold"},"elements":[],"isInner":false,"widgetType":"heading","elType":"widget"},{"id":"48badc99","settings":{"editor":"<p>I am text block. Click edit button to change this text. Lorem ipsum dolor sit amet, consectetur adipiscing.<\/p>"},"elements":[],"isInner":false,"widgetType":"text-editor","elType":"widget"}],"isInner":true,"elType":"column"}],"isInner":true,"elType":"section"},{"id":"499fb8b4","settings":{"structure":"20","margin":{"unit":"px","top":"0","right":0,"bottom":"0","left":0,"isLinked":true}},"elements":[{"id":"1fe94a36","settings":{"_column_size":50,"_inline_size":null,"background_background":"classic","padding":{"unit":"px","top":"20","right":"50","bottom":"20","left":"20","isLinked":false},"padding_tablet":{"unit":"px","top":"10","right":"20","bottom":"10","left":"10","isLinked":false},"padding_mobile":{"unit":"px","top":"20","right":"10","bottom":"20","left":"10","isLinked":false},"_inline_size_tablet":50},"elements":[{"id":"2841c3ca","settings":{"title":"Next question","header_size":"p","typography_typography":"custom","typography_font_weight":"bold"},"elements":[],"isInner":false,"widgetType":"heading","elType":"widget"},{"id":"3df9f4d","settings":{"editor":"<p>I am text block. Click edit button to change this text. Lorem ipsum dolor sit amet, consectetur adipiscing.<\/p>"},"elements":[],"isInner":false,"widgetType":"text-editor","elType":"widget"}],"isInner":true,"elType":"column"},{"id":"78a903c2","settings":{"_column_size":50,"_inline_size":null,"background_background":"classic","padding":{"unit":"px","top":"20","right":"20","bottom":"20","left":"50","isLinked":false},"padding_tablet":{"unit":"px","top":"10","right":"10","bottom":"10","left":"20","isLinked":false},"padding_mobile":{"unit":"px","top":"20","right":"10","bottom":"20","left":"10","isLinked":false},"_inline_size_tablet":50},"elements":[{"id":"100a7e82","settings":{"title":"Next question","header_size":"p","typography_typography":"custom","typography_font_weight":"bold"},"elements":[],"isInner":false,"widgetType":"heading","elType":"widget"},{"id":"747717cd","settings":{"editor":"<p>I am text block. Click edit button to change this text. Lorem ipsum dolor sit amet, consectetur adipiscing.<\/p>"},"elements":[],"isInner":false,"widgetType":"text-editor","elType":"widget"}],"isInner":true,"elType":"column"}],"isInner":true,"elType":"section"}],"isInner":false,"elType":"column"}],"isInner":false,"elType":"section"}]}